Time,Weight
2019-04-18 22:11:44,2019-04-18 22:11:44
2019-04-18 22:11:44,2019-04-18 22:11:44
2019-04-18 22:11:44,2019-04-18 22:11:44
2019-04-18 22:11:44,2019-04-18 22:11:44
2019-04-18 22:11:44,2019-04-18 22:11:44
2019-04-18 22:11:44,2019-04-18 22:11:44
2019-04-18 22:11:44,2019-04-18 22:11:44
2019-04-18 22:11:44,2019-04-18 22:11:44
2019-04-18 22:11:44,2019-04-18 22:11:44
2019-04-18 22:11:44,2019-04-18 22:11:44
2019-04-18 22:11:44,2019-04-18 22:11:44
2019-04-18 22:11:44,2019-04-18 22:11:44
2019-04-18 22:11:44,2019-04-18 22:11:44
2019-04-18 22:11:44,2019-04-18 22:11:44
2019-04-18 22:11:44,2019-04-18 22:11:44
2019-04-18 22:11:44,2019-04-18 22:11:44
2019-04-18 22:11:44,2019-04-18 22:11:44
2019-04-18 22:11:44,2019-04-18 22:11:44
2019-04-18 22:11:44,2019-04-18 22:11:44
2019-04-18 22:11:44,2019-04-18 22:11:44
2019-04-18 22:11:44,2019-04-18 22:11:44
2019-04-18 22:11:44,2019-04-18 22:11:44
2019-04-18 22:11:44,2019-04-18 22:11:44
2019-04-18 22:11:44,2019-04-18 22:11:44
2019-04-18 22:11:44,2019-04-18 22:11:44
2019-04-18 22:11:44,2019-04-18 22:11:44
2019-04-18 22:11:44,2019-04-18 22:11:44
2019-04-18 22:11:44,2019-04-18 22:11:44
2019-04-18 22:11:44,2019-04-18 22:11:44
2019-04-18 22:11:44,2019-04-18 22:11:44
2019-04-18 22:11:44,2019-04-18 22:11:44
2019-04-18 22:11:44,2019-04-18 22:11:44
2019-04-18 22:11:44,2019-04-18 22:11:44
2019-04-18 22:11:44,2019-04-18 22:11:44
2019-04-18 22:11:44,2019-04-18 22:11:44
2019-04-18 22:11:44,2019-04-18 22:11:44
2019-04-18 22:11:44,2019-04-18 22:11:44
2019-04-18 22:11:44,2019-04-18 22:11:44
2019-04-18 22:11:44,2019-04-18 22:11:44
2019-04-18 22:11:44,2019-04-18 22:11:44
2019-04-18 22:11:44,2019-04-18 22:11:44
2019-04-18 22:11:44,2019-04-18 22:11:44
2019-04-18 22:11:44,2019-04-18 22:11:44
2019-04-18 22:11:44,2019-04-18 22:11:44
2019-04-18 22:11:44,2019-04-18 22:11:44
2019-04-18 22:11:44,2019-04-18 22:11:44
2019-04-18 22:11:44,2019-04-18 22:11:44
2019-04-18 22:11:44,2019-04-18 22:11:44
2019-04-18 22:11:44,2019-04-18 22:11:44
2019-04-18 22:11:44,2019-04-18 22:11:44
2019-04-18 22:11:45,2019-04-18 22:11:45
2019-04-18 22:11:45,2019-04-18 22:11:45
2019-04-18 22:11:45,2019-04-18 22:11:45
2019-04-18 22:11:45,2019-04-18 22:11:45
2019-04-18 22:11:45,2019-04-18 22:11:45
2019-04-18 22:11:45,2019-04-18 22:11:45
2019-04-18 22:11:45,2019-04-18 22:11:45
2019-04-18 22:11:45,2019-04-18 22:11:45
2019-04-18 22:11:45,2019-04-18 22:11:45
2019-04-18 22:11:45,2019-04-18 22:11:45
2019-04-18 22:11:45,2019-04-18 22:11:45
2019-04-18 22:11:45,2019-04-18 22:11:45
2019-04-18 22:11:45,2019-04-18 22:11:45
2019-04-18 22:11:45,2019-04-18 22:11:45
2019-04-18 22:11:45,2019-04-18 22:11:45
2019-04-18 22:11:45,2019-04-18 22:11:45
2019-04-18 22:11:45,2019-04-18 22:11:45
2019-04-18 22:11:45,2019-04-18 22:11:45
2019-04-18 22:11:45,2019-04-18 22:11:45
2019-04-18 22:11:45,2019-04-18 22:11:45
2019-04-18 22:11:45,2019-04-18 22:11:45
2019-04-18 22:11:45,2019-04-18 22:11:45
2019-04-18 22:11:45,2019-04-18 22:11:45
2019-04-18 22:11:45,2019-04-18 22:11:45
2019-04-18 22:11:45,2019-04-18 22:11:45
2019-04-18 22:11:45,2019-04-18 22:11:45
2019-04-18 22:11:45,2019-04-18 22:11:45
2019-04-18 22:11:45,2019-04-18 22:11:45
2019-04-18 22:11:45,2019-04-18 22:11:45
2019-04-18 22:11:45,2019-04-18 22:11:45
2019-04-18 22:11:45,2019-04-18 22:11:45
2019-04-18 22:11:45,2019-04-18 22:11:45
2019-04-18 22:11:45,2019-04-18 22:11:45
2019-04-18 22:11:45,2019-04-18 22:11:45
2019-04-18 22:11:45,2019-04-18 22:11:45
2019-04-18 22:11:45,2019-04-18 22:11:45
2019-04-18 22:11:45,2019-04-18 22:11:45
2019-04-18 22:11:45,2019-04-18 22:11:45
2019-04-18 22:11:45,2019-04-18 22:11:45
2019-04-18 22:11:45,2019-04-18 22:11:45
2019-04-18 22:11:45,2019-04-18 22:11:45
2019-04-18 22:11:45,2019-04-18 22:11:45
2019-04-18 22:11:45,2019-04-18 22:11:45
2019-04-18 22:11:45,2019-04-18 22:11:45
2019-04-18 22:11:45,2019-04-18 22:11:45
2019-04-18 22:11:45,2019-04-18 22:11:45
2019-04-18 22:11:45,2019-04-18 22:11:45
2019-04-18 22:11:45,2019-04-18 22:11:45
2019-04-18 22:11:45,2019-04-18 22:11:45
2019-04-18 22:11:45,2019-04-18 22:11:45
2019-04-18 22:11:45,2019-04-18 22:11:45
2019-04-18 22:11:45,2019-04-18 22:11:45
2019-04-18 22:11:46,2019-04-18 22:11:46
2019-04-18 22:11:46,2019-04-18 22:11:46
2019-04-18 22:11:46,2019-04-18 22:11:46
2019-04-18 22:11:46,2019-04-18 22:11:46
2019-04-18 22:11:46,2019-04-18 22:11:46
2019-04-18 22:11:46,2019-04-18 22:11:46
2019-04-18 22:11:46,2019-04-18 22:11:46
2019-04-18 22:11:46,2019-04-18 22:11:46
2019-04-18 22:11:46,2019-04-18 22:11:46
2019-04-18 22:11:46,2019-04-18 22:11:46
2019-04-18 22:11:46,2019-04-18 22:11:46
2019-04-18 22:11:46,2019-04-18 22:11:46
2019-04-18 22:11:46,2019-04-18 22:11:46
2019-04-18 22:11:46,2019-04-18 22:11:46
2019-04-18 22:11:46,2019-04-18 22:11:46
2019-04-18 22:11:46,2019-04-18 22:11:46
2019-04-18 22:11:46,2019-04-18 22:11:46
2019-04-18 22:11:46,2019-04-18 22:11:46
2019-04-18 22:11:46,2019-04-18 22:11:46
2019-04-18 22:11:46,2019-04-18 22:11:46
2019-04-18 22:11:46,2019-04-18 22:11:46
2019-04-18 22:11:46,2019-04-18 22:11:46
2019-04-18 22:11:46,2019-04-18 22:11:46
2019-04-18 22:11:46,2019-04-18 22:11:46
2019-04-18 22:11:46,2019-04-18 22:11:46
2019-04-18 22:11:46,2019-04-18 22:11:46
2019-04-18 22:11:46,2019-04-18 22:11:46
2019-04-18 22:11:46,2019-04-18 22:11:46
2019-04-18 22:11:46,2019-04-18 22:11:46
2019-04-18 22:11:46,2019-04-18 22:11:46
2019-04-18 22:11:46,2019-04-18 22:11:46
2019-04-18 22:11:46,2019-04-18 22:11:46
2019-04-18 22:11:46,2019-04-18 22:11:46
2019-04-18 22:11:46,2019-04-18 22:11:46
2019-04-18 22:11:46,2019-04-18 22:11:46
2019-04-18 22:11:46,2019-04-18 22:11:46
2019-04-18 22:11:46,2019-04-18 22:11:46
2019-04-18 22:11:46,2019-04-18 22:11:46
2019-04-18 22:11:46,2019-04-18 22:11:46
2019-04-18 22:11:46,2019-04-18 22:11:46
2019-04-18 22:11:46,2019-04-18 22:11:46
2019-04-18 22:11:46,2019-04-18 22:11:46
2019-04-18 22:11:46,2019-04-18 22:11:46
2019-04-18 22:11:46,2019-04-18 22:11:46
2019-04-18 22:11:46,2019-04-18 22:11:46
2019-04-18 22:11:46,2019-04-18 22:11:46
2019-04-18 22:11:46,2019-04-18 22:11:46
2019-04-18 22:11:46,2019-04-18 22:11:46
2019-04-18 22:11:46,2019-04-18 22:11:46
2019-04-18 22:11:46,2019-04-18 22:11:46
2019-04-18 22:11:46,2019-04-18 22:11:46
2019-04-18 22:11:46,2019-04-18 22:11:46
2019-04-18 22:11:46,2019-04-18 22:11:46
2019-04-18 22:11:46,2019-04-18 22:11:46
2019-04-18 22:11:47,2019-04-18 22:11:47
2019-04-18 22:11:47,2019-04-18 22:11:47
2019-04-18 22:11:47,2019-04-18 22:11:47
2019-04-18 22:11:47,2019-04-18 22:11:47
2019-04-18 22:11:47,2019-04-18 22:11:47
2019-04-18 22:11:47,2019-04-18 22:11:47
2019-04-18 22:11:47,2019-04-18 22:11:47
2019-04-18 22:11:47,2019-04-18 22:11:47
2019-04-18 22:11:47,2019-04-18 22:11:47
2019-04-18 22:11:47,2019-04-18 22:11:47
2019-04-18 22:11:47,2019-04-18 22:11:47
2019-04-18 22:11:47,2019-04-18 22:11:47
2019-04-18 22:11:47,2019-04-18 22:11:47
2019-04-18 22:11:47,2019-04-18 22:11:47
2019-04-18 22:11:47,2019-04-18 22:11:47
2019-04-18 22:11:47,2019-04-18 22:11:47
2019-04-18 22:11:47,2019-04-18 22:11:47
2019-04-18 22:11:47,2019-04-18 22:11:47
2019-04-18 22:11:47,2019-04-18 22:11:47
2019-04-18 22:11:47,2019-04-18 22:11:47
2019-04-18 22:11:47,2019-04-18 22:11:47
2019-04-18 22:11:47,2019-04-18 22:11:47
2019-04-18 22:11:47,2019-04-18 22:11:47
2019-04-18 22:11:47,2019-04-18 22:11:47
2019-04-18 22:11:47,2019-04-18 22:11:47
2019-04-18 22:11:47,2019-04-18 22:11:47
2019-04-18 22:11:47,2019-04-18 22:11:47
2019-04-18 22:11:47,2019-04-18 22:11:47
2019-04-18 22:11:47,2019-04-18 22:11:47
2019-04-18 22:11:47,2019-04-18 22:11:47
2019-04-18 22:11:47,2019-04-18 22:11:47
2019-04-18 22:11:47,2019-04-18 22:11:47
2019-04-18 22:11:47,2019-04-18 22:11:47
2019-04-18 22:11:47,2019-04-18 22:11:47
2019-04-18 22:11:47,2019-04-18 22:11:47
2019-04-18 22:11:47,2019-04-18 22:11:47
2019-04-18 22:11:47,2019-04-18 22:11:47
2019-04-18 22:11:47,2019-04-18 22:11:47
2019-04-18 22:11:47,2019-04-18 22:11:47
2019-04-18 22:11:47,2019-04-18 22:11:47
2019-04-18 22:11:47,2019-04-18 22:11:47
2019-04-18 22:11:47,2019-04-18 22:11:47
2019-04-18 22:11:47,2019-04-18 22:11:47
2019-04-18 22:11:47,2019-04-18 22:11:47
2019-04-18 22:11:47,2019-04-18 22:11:47
2019-04-18 22:11:47,2019-04-18 22:11:47
2019-04-18 22:11:47,2019-04-18 22:11:47
2019-04-18 22:11:47,2019-04-18 22:11:47
2019-04-18 22:11:47,2019-04-18 22:11:47
2019-04-18 22:11:47,2019-04-18 22:11:47
2019-04-18 22:11:47,2019-04-18 22:11:47
2019-04-18 22:11:47,2019-04-18 22:11:47
2019-04-18 22:11:47,2019-04-18 22:11:47
2019-04-18 22:11:48,2019-04-18 22:11:48
2019-04-18 22:11:48,2019-04-18 22:11:48
2019-04-18 22:11:48,2019-04-18 22:11:48
2019-04-18 22:11:48,2019-04-18 22:11:48
2019-04-18 22:11:48,2019-04-18 22:11:48
2019-04-18 22:11:48,2019-04-18 22:11:48
2019-04-18 22:11:48,2019-04-18 22:11:48
2019-04-18 22:11:48,2019-04-18 22:11:48
2019-04-18 22:11:48,2019-04-18 22:11:48
2019-04-18 22:11:48,2019-04-18 22:11:48
2019-04-18 22:11:48,2019-04-18 22:11:48
2019-04-18 22:11:48,2019-04-18 22:11:48
2019-04-18 22:11:48,2019-04-18 22:11:48
2019-04-18 22:11:48,2019-04-18 22:11:48
2019-04-18 22:11:48,2019-04-18 22:11:48
2019-04-18 22:11:48,2019-04-18 22:11:48
2019-04-18 22:11:48,2019-04-18 22:11:48
2019-04-18 22:11:48,2019-04-18 22:11:48
2019-04-18 22:11:48,2019-04-18 22:11:48
2019-04-18 22:11:48,2019-04-18 22:11:48
2019-04-18 22:11:48,2019-04-18 22:11:48
2019-04-18 22:11:48,2019-04-18 22:11:48
2019-04-18 22:11:48,2019-04-18 22:11:48
2019-04-18 22:11:48,2019-04-18 22:11:48
2019-04-18 22:11:48,2019-04-18 22:11:48
2019-04-18 22:11:48,2019-04-18 22:11:48
2019-04-18 22:11:48,2019-04-18 22:11:48
2019-04-18 22:11:48,2019-04-18 22:11:48
2019-04-18 22:11:48,2019-04-18 22:11:48
2019-04-18 22:11:48,2019-04-18 22:11:48
2019-04-18 22:11:48,2019-04-18 22:11:48
2019-04-18 22:11:48,2019-04-18 22:11:48
2019-04-18 22:11:48,2019-04-18 22:11:48
2019-04-18 22:11:48,2019-04-18 22:11:48
2019-04-18 22:11:48,2019-04-18 22:11:48
2019-04-18 22:11:48,2019-04-18 22:11:48
2019-04-18 22:11:48,2019-04-18 22:11:48
2019-04-18 22:11:48,2019-04-18 22:11:48
2019-04-18 22:11:48,2019-04-18 22:11:48
2019-04-18 22:11:48,2019-04-18 22:11:48
2019-04-18 22:11:48,2019-04-18 22:11:48
2019-04-18 22:11:48,2019-04-18 22:11:48
2019-04-18 22:11:48,2019-04-18 22:11:48
2019-04-18 22:11:48,2019-04-18 22:11:48
2019-04-18 22:11:48,2019-04-18 22:11:48
2019-04-18 22:11:48,2019-04-18 22:11:48
2019-04-18 22:11:48,2019-04-18 22:11:48
2019-04-18 22:11:48,2019-04-18 22:11:48
2019-04-18 22:11:48,2019-04-18 22:11:48
2019-04-18 22:11:48,2019-04-18 22:11:48
2019-04-18 22:11:49,2019-04-18 22:11:49
2019-04-18 22:11:49,2019-04-18 22:11:49
2019-04-18 22:11:49,2019-04-18 22:11:49
2019-04-18 22:11:49,2019-04-18 22:11:49
2019-04-18 22:11:49,2019-04-18 22:11:49
2019-04-18 22:11:49,2019-04-18 22:11:49
2019-04-18 22:11:49,2019-04-18 22:11:49
2019-04-18 22:11:49,2019-04-18 22:11:49
2019-04-18 22:11:49,2019-04-18 22:11:49
2019-04-18 22:11:49,2019-04-18 22:11:49
2019-04-18 22:11:49,2019-04-18 22:11:49
2019-04-18 22:11:49,2019-04-18 22:11:49
2019-04-18 22:11:49,2019-04-18 22:11:49
2019-04-18 22:11:49,2019-04-18 22:11:49
2019-04-18 22:11:49,2019-04-18 22:11:49
2019-04-18 22:11:49,2019-04-18 22:11:49
2019-04-18 22:11:49,2019-04-18 22:11:49
2019-04-18 22:11:49,2019-04-18 22:11:49
2019-04-18 22:11:49,2019-04-18 22:11:49
2019-04-18 22:11:49,2019-04-18 22:11:49
2019-04-18 22:11:49,2019-04-18 22:11:49
2019-04-18 22:11:49,2019-04-18 22:11:49
2019-04-18 22:11:49,2019-04-18 22:11:49
2019-04-18 22:11:49,2019-04-18 22:11:49
2019-04-18 22:11:49,2019-04-18 22:11:49
2019-04-18 22:11:49,2019-04-18 22:11:49
2019-04-18 22:11:49,2019-04-18 22:11:49
2019-04-18 22:11:49,2019-04-18 22:11:49
2019-04-18 22:11:49,2019-04-18 22:11:49
2019-04-18 22:11:49,2019-04-18 22:11:49
2019-04-18 22:11:49,2019-04-18 22:11:49
2019-04-18 22:11:49,2019-04-18 22:11:49
2019-04-18 22:11:49,2019-04-18 22:11:49
2019-04-18 22:11:49,2019-04-18 22:11:49
2019-04-18 22:11:49,2019-04-18 22:11:49
2019-04-18 22:11:49,2019-04-18 22:11:49
2019-04-18 22:11:49,2019-04-18 22:11:49
2019-04-18 22:11:49,2019-04-18 22:11:49
2019-04-18 22:11:49,2019-04-18 22:11:49
2019-04-18 22:11:49,2019-04-18 22:11:49
2019-04-18 22:11:49,2019-04-18 22:11:49
2019-04-18 22:11:49,2019-04-18 22:11:49
2019-04-18 22:11:49,2019-04-18 22:11:49
2019-04-18 22:11:49,2019-04-18 22:11:49
2019-04-18 22:11:49,2019-04-18 22:11:49
2019-04-18 22:11:49,2019-04-18 22:11:49
2019-04-18 22:11:49,2019-04-18 22:11:49
2019-04-18 22:11:49,2019-04-18 22:11:49
2019-04-18 22:11:49,2019-04-18 22:11:49
2019-04-18 22:11:49,2019-04-18 22:11:49
2019-04-18 22:11:49,2019-04-18 22:11:49
2019-04-18 22:11:50,2019-04-18 22:11:50
2019-04-18 22:11:50,2019-04-18 22:11:50
2019-04-18 22:11:50,2019-04-18 22:11:50
2019-04-18 22:11:50,2019-04-18 22:11:50
2019-04-18 22:11:50,2019-04-18 22:11:50
2019-04-18 22:11:50,2019-04-18 22:11:50
2019-04-18 22:11:50,2019-04-18 22:11:50
2019-04-18 22:11:50,2019-04-18 22:11:50
2019-04-18 22:11:50,2019-04-18 22:11:50
2019-04-18 22:11:50,2019-04-18 22:11:50
2019-04-18 22:11:50,2019-04-18 22:11:50
2019-04-18 22:11:50,2019-04-18 22:11:50
2019-04-18 22:11:50,2019-04-18 22:11:50
2019-04-18 22:11:50,2019-04-18 22:11:50
2019-04-18 22:11:50,2019-04-18 22:11:50
2019-04-18 22:11:50,2019-04-18 22:11:50
2019-04-18 22:11:50,2019-04-18 22:11:50
2019-04-18 22:11:50,2019-04-18 22:11:50
2019-04-18 22:11:50,2019-04-18 22:11:50
2019-04-18 22:11:50,2019-04-18 22:11:50
2019-04-18 22:11:50,2019-04-18 22:11:50
2019-04-18 22:11:50,2019-04-18 22:11:50
2019-04-18 22:11:50,2019-04-18 22:11:50
2019-04-18 22:11:50,2019-04-18 22:11:50
2019-04-18 22:11:50,2019-04-18 22:11:50
2019-04-18 22:11:50,2019-04-18 22:11:50
2019-04-18 22:11:50,2019-04-18 22:11:50
2019-04-18 22:11:50,2019-04-18 22:11:50
2019-04-18 22:11:50,2019-04-18 22:11:50
2019-04-18 22:11:50,2019-04-18 22:11:50
2019-04-18 22:11:50,2019-04-18 22:11:50
2019-04-18 22:11:50,2019-04-18 22:11:50
2019-04-18 22:11:50,2019-04-18 22:11:50
2019-04-18 22:13:47,2019-04-18 22:13:47
2019-04-18 22:13:47,2019-04-18 22:13:47
2019-04-18 22:13:48,2019-04-18 22:13:48
2019-04-18 22:13:48,2019-04-18 22:13:48
2019-04-18 22:13:49,2019-04-18 22:13:49
2019-04-18 22:13:49,2019-04-18 22:13:49
2019-04-18 22:13:50,2019-04-18 22:13:50
2019-04-18 22:13:50,2019-04-18 22:13:50
2019-04-18 22:13:51,2019-04-18 22:13:51
2019-04-18 22:13:51,2019-04-18 22:13:51
2019-04-18 22:13:52,2019-04-18 22:13:52
2019-04-18 22:13:52,2019-04-18 22:13:52
2019-04-18 22:13:53,2019-04-18 22:13:53
2019-04-18 22:13:53,2019-04-18 22:13:53
2019-04-18 22:13:54,2019-04-18 22:13:54
2019-04-18 22:13:54,2019-04-18 22:13:54
2019-04-18 22:13:55,2019-04-18 22:13:55
2019-04-18 22:13:55,2019-04-18 22:13:55
2019-04-18 22:13:56,2019-04-18 22:13:56
2019-04-18 22:13:56,2019-04-18 22:13:56
2019-04-18 22:13:57,2019-04-18 22:13:57
2019-04-18 22:13:57,2019-04-18 22:13:57
2019-04-18 22:13:58,2019-04-18 22:13:58
2019-04-18 22:13:58,2019-04-18 22:13:58
2019-04-18 22:13:59,2019-04-18 22:13:59
2019-04-18 22:14:00,2019-04-18 22:14:00
2019-04-18 22:14:00,2019-04-18 22:14:00
2019-04-18 22:14:01,2019-04-18 22:14:01
2019-04-18 22:14:01,2019-04-18 22:14:01
2019-04-18 22:14:02,2019-04-18 22:14:02
2019-04-18 22:14:02,2019-04-18 22:14:02
2019-04-18 22:14:03,2019-04-18 22:14:03
2019-04-18 22:14:03,2019-04-18 22:14:03
2019-04-18 22:14:04,2019-04-18 22:14:04
2019-04-18 22:14:04,2019-04-18 22:14:04
2019-04-18 22:14:05,2019-04-18 22:14:05
2019-04-18 22:14:05,2019-04-18 22:14:05
2019-04-18 22:14:06,2019-04-18 22:14:06
2019-04-18 22:14:06,2019-04-18 22:14:06
2019-04-18 22:14:07,2019-04-18 22:14:07
2019-04-18 22:14:07,2019-04-18 22:14:07
2019-04-18 22:14:08,2019-04-18 22:14:08
2019-04-18 22:14:08,2019-04-18 22:14:08
2019-04-18 22:14:09,2019-04-18 22:14:09
2019-04-18 22:14:09,2019-04-18 22:14:09
2019-04-18 22:14:10,2019-04-18 22:14:10
2019-04-18 22:14:10,2019-04-18 22:14:10
2019-04-18 22:14:11,2019-04-18 22:14:11
2019-04-18 22:14:11,2019-04-18 22:14:11
2019-04-18 22:14:12,2019-04-18 22:14:12
2019-04-18 22:14:13,2019-04-18 22:14:13
2019-04-18 22:14:13,2019-04-18 22:14:13
2019-04-18 22:14:14,2019-04-18 22:14:14
2019-04-18 22:14:14,2019-04-18 22:14:14
2019-04-18 22:14:15,2019-04-18 22:14:15
2019-04-18 22:14:15,2019-04-18 22:14:15
2019-04-18 22:14:16,2019-04-18 22:14:16
2019-04-18 22:14:16,2019-04-18 22:14:16
2019-04-18 22:14:17,2019-04-18 22:14:17
2019-04-18 22:14:17,2019-04-18 22:14:17
2019-04-18 22:14:18,2019-04-18 22:14:18
2019-04-18 22:14:18,2019-04-18 22:14:18
2019-04-18 22:14:19,2019-04-18 22:14:19
2019-04-18 22:14:19,2019-04-18 22:14:19
2019-04-18 22:14:20,2019-04-18 22:14:20
2019-04-18 22:14:20,2019-04-18 22:14:20
2019-04-18 22:14:21,2019-04-18 22:14:21
2019-04-18 22:14:21,2019-04-18 22:14:21
2019-04-18 22:14:22,2019-04-18 22:14:22
2019-04-18 22:14:22,2019-04-18 22:14:22
2019-04-18 22:14:23,2019-04-18 22:14:23
2019-04-18 22:14:23,2019-04-18 22:14:23
2019-04-18 22:14:24,2019-04-18 22:14:24
2019-04-18 22:14:24,2019-04-18 22:14:24
2019-04-18 22:14:25,2019-04-18 22:14:25
2019-04-18 22:14:26,2019-04-18 22:14:26
2019-04-18 22:14:26,2019-04-18 22:14:26
2019-04-18 22:14:27,2019-04-18 22:14:27
2019-04-18 22:14:27,2019-04-18 22:14:27
2019-04-18 22:14:28,2019-04-18 22:14:28
2019-04-18 22:14:28,2019-04-18 22:14:28
2019-04-18 22:14:29,2019-04-18 22:14:29
2019-04-18 22:14:29,2019-04-18 22:14:29
2019-04-18 22:14:30,2019-04-18 22:14:30
2019-04-18 22:14:30,2019-04-18 22:14:30
2019-04-18 22:14:31,2019-04-18 22:14:31
2019-04-18 22:14:31,2019-04-18 22:14:31
2019-04-18 22:14:32,2019-04-18 22:14:32
2019-04-18 22:14:32,2019-04-18 22:14:32
2019-04-18 22:14:33,2019-04-18 22:14:33
2019-04-18 22:14:33,2019-04-18 22:14:33
2019-04-18 22:14:34,2019-04-18 22:14:34
2019-04-18 22:14:34,2019-04-18 22:14:34
2019-04-18 22:14:35,2019-04-18 22:14:35
2019-04-18 22:14:35,2019-04-18 22:14:35
2019-04-18 22:14:36,2019-04-18 22:14:36
2019-04-18 22:14:36,2019-04-18 22:14:36
2019-04-18 22:14:37,2019-04-18 22:14:37
2019-04-18 22:14:37,2019-04-18 22:14:37
2019-04-18 22:14:38,2019-04-18 22:14:38
2019-04-18 22:14:39,2019-04-18 22:14:39
2019-04-18 22:14:39,2019-04-18 22:14:39
2019-04-18 22:14:40,2019-04-18 22:14:40
2019-04-18 22:14:40,2019-04-18 22:14:40
2019-04-18 22:14:41,2019-04-18 22:14:41
2019-04-18 22:14:41,2019-04-18 22:14:41
2019-04-18 22:14:42,2019-04-18 22:14:42
2019-04-18 22:14:42,2019-04-18 22:14:42
2019-04-18 22:14:43,2019-04-18 22:14:43
2019-04-18 22:14:43,2019-04-18 22:14:43
2019-04-18 22:14:44,2019-04-18 22:14:44
2019-04-18 22:14:44,2019-04-18 22:14:44
2019-04-18 22:14:45,2019-04-18 22:14:45
2019-04-18 22:14:45,2019-04-18 22:14:45
2019-04-18 22:14:46,2019-04-18 22:14:46
2019-04-18 22:14:46,2019-04-18 22:14:46
2019-04-18 22:14:47,2019-04-18 22:14:47
2019-04-18 22:14:47,2019-04-18 22:14:47
2019-04-18 22:14:48,2019-04-18 22:14:48
2019-04-18 22:14:48,2019-04-18 22:14:48
2019-04-18 22:14:49,2019-04-18 22:14:49
2019-04-18 22:14:49,2019-04-18 22:14:49
2019-04-18 22:14:50,2019-04-18 22:14:50
2019-04-18 22:14:51,2019-04-18 22:14:51
2019-04-18 22:14:51,2019-04-18 22:14:51
2019-04-18 22:14:52,2019-04-18 22:14:52
2019-04-18 22:14:52,2019-04-18 22:14:52
2019-04-18 22:14:53,2019-04-18 22:14:53
2019-04-18 22:14:53,2019-04-18 22:14:53
2019-04-18 22:14:54,2019-04-18 22:14:54
2019-04-18 22:14:54,2019-04-18 22:14:54
2019-04-18 22:14:55,2019-04-18 22:14:55
2019-04-18 22:14:55,2019-04-18 22:14:55
2019-04-18 22:14:56,2019-04-18 22:14:56
2019-04-18 22:14:56,2019-04-18 22:14:56
2019-04-18 22:14:57,2019-04-18 22:14:57
2019-04-18 22:14:57,2019-04-18 22:14:57
2019-04-18 22:14:58,2019-04-18 22:14:58
2019-04-18 22:14:58,2019-04-18 22:14:58
2019-04-18 22:14:59,2019-04-18 22:14:59
2019-04-18 22:14:59,2019-04-18 22:14:59
2019-04-18 22:15:00,2019-04-18 22:15:00
2019-04-18 22:15:00,2019-04-18 22:15:00
2019-04-18 22:15:01,2019-04-18 22:15:01
2019-04-18 22:15:01,2019-04-18 22:15:01
2019-04-18 22:15:02,2019-04-18 22:15:02
2019-04-18 22:15:02,2019-04-18 22:15:02
2019-04-18 22:15:03,2019-04-18 22:15:03
2019-04-18 22:15:04,2019-04-18 22:15:04
2019-04-18 22:15:04,2019-04-18 22:15:04
2019-04-18 22:15:05,2019-04-18 22:15:05
2019-04-18 22:15:05,2019-04-18 22:15:05
2019-04-18 22:15:06,2019-04-18 22:15:06
2019-04-18 22:15:06,2019-04-18 22:15:06
2019-04-18 22:15:07,2019-04-18 22:15:07
2019-04-18 22:15:07,2019-04-18 22:15:07
2019-04-18 22:15:08,2019-04-18 22:15:08
2019-04-18 22:15:08,2019-04-18 22:15:08
2019-04-18 22:15:09,2019-04-18 22:15:09
2019-04-18 22:15:09,2019-04-18 22:15:09
2019-04-18 22:15:10,2019-04-18 22:15:10
2019-04-18 22:15:10,2019-04-18 22:15:10
2019-04-18 22:15:11,2019-04-18 22:15:11
2019-04-18 22:15:11,2019-04-18 22:15:11
2019-04-18 22:15:12,2019-04-18 22:15:12
2019-04-18 22:15:12,2019-04-18 22:15:12
2019-04-18 22:15:13,2019-04-18 22:15:13
2019-04-18 22:15:13,2019-04-18 22:15:13
2019-04-18 22:15:14,2019-04-18 22:15:14
2019-04-18 22:15:14,2019-04-18 22:15:14
2019-04-18 22:15:15,2019-04-18 22:15:15
2019-04-18 22:15:16,2019-04-18 22:15:16
2019-04-18 22:15:16,2019-04-18 22:15:16
2019-04-18 22:15:17,2019-04-18 22:15:17
2019-04-18 22:15:17,2019-04-18 22:15:17
2019-04-18 22:15:18,2019-04-18 22:15:18
2019-04-18 22:15:18,2019-04-18 22:15:18
2019-04-18 22:15:19,2019-04-18 22:15:19
2019-04-18 22:15:19,2019-04-18 22:15:19
2019-04-18 22:15:20,2019-04-18 22:15:20
2019-04-18 22:15:20,2019-04-18 22:15:20
2019-04-18 22:15:21,2019-04-18 22:15:21
2019-04-18 22:15:21,2019-04-18 22:15:21
2019-04-18 22:15:22,2019-04-18 22:15:22
2019-04-18 22:15:22,2019-04-18 22:15:22
2019-04-18 22:15:23,2019-04-18 22:15:23
2019-04-18 22:15:23,2019-04-18 22:15:23
2019-04-18 22:15:24,2019-04-18 22:15:24
2019-04-18 22:15:24,2019-04-18 22:15:24
2019-04-18 22:15:25,2019-04-18 22:15:25
2019-04-18 22:15:25,2019-04-18 22:15:25
2019-04-18 22:15:26,2019-04-18 22:15:26
2019-04-18 22:15:26,2019-04-18 22:15:26
2019-04-18 22:15:27,2019-04-18 22:15:27
2019-04-18 22:15:28,2019-04-18 22:15:28
2019-04-18 22:15:28,2019-04-18 22:15:28
2019-04-18 22:15:29,2019-04-18 22:15:29
2019-04-18 22:15:29,2019-04-18 22:15:29
2019-04-18 22:15:30,2019-04-18 22:15:30
2019-04-18 22:15:30,2019-04-18 22:15:30
2019-04-18 22:15:31,2019-04-18 22:15:31
2019-04-18 22:15:31,2019-04-18 22:15:31
2019-04-18 22:15:32,2019-04-18 22:15:32
2019-04-18 22:15:32,2019-04-18 22:15:32
2019-04-18 22:15:33,2019-04-18 22:15:33
2019-04-18 22:15:33,2019-04-18 22:15:33
2019-04-18 22:15:34,2019-04-18 22:15:34
2019-04-18 22:15:34,2019-04-18 22:15:34
2019-04-18 22:15:35,2019-04-18 22:15:35
2019-04-18 22:15:35,2019-04-18 22:15:35
2019-04-18 22:15:36,2019-04-18 22:15:36
2019-04-18 22:15:36,2019-04-18 22:15:36
2019-04-18 22:15:37,2019-04-18 22:15:37
2019-04-18 22:15:37,2019-04-18 22:15:37
2019-04-18 22:15:38,2019-04-18 22:15:38
2019-04-18 22:15:38,2019-04-18 22:15:38
2019-04-18 22:15:39,2019-04-18 22:15:39
2019-04-18 22:15:40,2019-04-18 22:15:40
2019-04-18 22:15:40,2019-04-18 22:15:40
2019-04-18 22:15:41,2019-04-18 22:15:41
2019-04-18 22:15:41,2019-04-18 22:15:41
2019-04-18 22:15:42,2019-04-18 22:15:42
2019-04-18 22:15:42,2019-04-18 22:15:42
2019-04-18 22:15:43,2019-04-18 22:15:43
2019-04-18 22:15:43,2019-04-18 22:15:43
2019-04-18 22:15:44,2019-04-18 22:15:44
2019-04-18 22:15:44,2019-04-18 22:15:44
2019-04-18 22:15:45,2019-04-18 22:15:45
2019-04-18 22:15:45,2019-04-18 22:15:45
2019-04-18 22:15:46,2019-04-18 22:15:46
2019-04-18 22:15:46,2019-04-18 22:15:46
2019-04-18 22:15:47,2019-04-18 22:15:47
2019-04-18 22:15:47,2019-04-18 22:15:47
2019-04-18 22:15:48,2019-04-18 22:15:48
2019-04-18 22:15:48,2019-04-18 22:15:48
2019-04-18 22:15:49,2019-04-18 22:15:49
2019-04-18 22:15:49,2019-04-18 22:15:49
2019-04-18 22:15:50,2019-04-18 22:15:50
2019-04-18 22:15:50,2019-04-18 22:15:50
2019-04-18 22:15:51,2019-04-18 22:15:51
2019-04-18 22:15:52,2019-04-18 22:15:52
2019-04-18 22:15:52,2019-04-18 22:15:52
2019-04-18 22:15:53,2019-04-18 22:15:53
2019-04-18 22:15:53,2019-04-18 22:15:53
2019-04-18 22:15:54,2019-04-18 22:15:54
2019-04-18 22:15:54,2019-04-18 22:15:54
2019-04-18 22:15:55,2019-04-18 22:15:55
2019-04-18 22:15:55,2019-04-18 22:15:55
2019-04-18 22:15:56,2019-04-18 22:15:56
2019-04-18 22:15:56,2019-04-18 22:15:56
2019-04-18 22:15:57,2019-04-18 22:15:57
2019-04-18 22:15:57,2019-04-18 22:15:57
2019-04-18 22:15:58,2019-04-18 22:15:58
2019-04-18 22:15:58,2019-04-18 22:15:58
2019-04-18 22:15:59,2019-04-18 22:15:59
2019-04-18 22:15:59,2019-04-18 22:15:59
2019-04-18 22:16:00,2019-04-18 22:16:00
2019-04-18 22:16:00,2019-04-18 22:16:00
2019-04-18 22:16:01,2019-04-18 22:16:01
2019-04-18 22:16:01,2019-04-18 22:16:01
2019-04-18 22:16:02,2019-04-18 22:16:02
2019-04-18 22:16:03,2019-04-18 22:16:03
2019-04-18 22:16:03,2019-04-18 22:16:03
2019-04-18 22:16:04,2019-04-18 22:16:04
2019-04-18 22:16:04,2019-04-18 22:16:04
2019-04-18 22:16:05,2019-04-18 22:16:05
2019-04-18 22:16:05,2019-04-18 22:16:05
2019-04-18 22:16:06,2019-04-18 22:16:06
2019-04-18 22:16:06,2019-04-18 22:16:06
2019-04-18 22:16:07,2019-04-18 22:16:07
2019-04-18 22:16:07,2019-04-18 22:16:07
2019-04-18 22:16:08,2019-04-18 22:16:08
2019-04-18 22:16:08,2019-04-18 22:16:08
2019-04-18 22:16:09,2019-04-18 22:16:09
2019-04-18 22:16:09,2019-04-18 22:16:09
2019-04-18 22:16:10,2019-04-18 22:16:10
2019-04-18 22:16:10,2019-04-18 22:16:10
2019-04-18 22:16:11,2019-04-18 22:16:11
2019-04-18 22:16:11,2019-04-18 22:16:11
2019-04-18 22:16:12,2019-04-18 22:16:12
2019-04-18 22:16:12,2019-04-18 22:16:12
2019-04-18 22:16:13,2019-04-18 22:16:13
2019-04-18 22:16:13,2019-04-18 22:16:13
2019-04-18 22:16:14,2019-04-18 22:16:14
2019-04-18 22:16:15,2019-04-18 22:16:15
2019-04-18 22:16:15,2019-04-18 22:16:15
2019-04-18 22:16:16,2019-04-18 22:16:16
2019-04-18 22:16:16,2019-04-18 22:16:16
2019-04-18 22:16:17,2019-04-18 22:16:17
2019-04-18 22:16:17,2019-04-18 22:16:17
2019-04-18 22:16:18,2019-04-18 22:16:18
2019-04-18 22:16:18,2019-04-18 22:16:18
2019-04-18 22:16:19,2019-04-18 22:16:19
2019-04-18 22:16:19,2019-04-18 22:16:19
2019-04-18 22:16:20,2019-04-18 22:16:20
2019-04-18 22:16:20,2019-04-18 22:16:20
2019-04-18 22:16:21,2019-04-18 22:16:21
2019-04-18 22:16:21,2019-04-18 22:16:21
2019-04-18 22:16:22,2019-04-18 22:16:22
2019-04-18 22:16:22,2019-04-18 22:16:22
2019-04-18 22:16:23,2019-04-18 22:16:23
2019-04-18 22:16:23,2019-04-18 22:16:23
2019-04-18 22:16:24,2019-04-18 22:16:24
2019-04-18 22:16:24,2019-04-18 22:16:24
2019-04-18 22:16:25,2019-04-18 22:16:25
2019-04-18 22:16:25,2019-04-18 22:16:25
2019-04-18 22:16:26,2019-04-18 22:16:26
2019-04-18 22:16:27,2019-04-18 22:16:27
2019-04-18 22:16:27,2019-04-18 22:16:27
2019-04-18 22:16:28,2019-04-18 22:16:28
2019-04-18 22:16:28,2019-04-18 22:16:28
2019-04-18 22:16:29,2019-04-18 22:16:29
2019-04-18 22:16:29,2019-04-18 22:16:29
2019-04-18 22:16:30,2019-04-18 22:16:30
2019-04-18 22:16:30,2019-04-18 22:16:30
2019-04-18 22:16:31,2019-04-18 22:16:31
2019-04-18 22:16:31,2019-04-18 22:16:31
2019-04-18 22:16:32,2019-04-18 22:16:32
2019-04-18 22:16:32,2019-04-18 22:16:32
2019-04-18 22:16:33,2019-04-18 22:16:33
2019-04-18 22:16:33,2019-04-18 22:16:33
2019-04-18 22:16:34,2019-04-18 22:16:34
2019-04-18 22:16:34,2019-04-18 22:16:34
2019-04-18 22:16:35,2019-04-18 22:16:35
2019-04-18 22:16:35,2019-04-18 22:16:35
2019-04-18 22:16:36,2019-04-18 22:16:36
2019-04-18 22:16:36,2019-04-18 22:16:36
2019-04-18 22:16:37,2019-04-18 22:16:37
2019-04-18 22:16:38,2019-04-18 22:16:38
2019-04-18 22:16:38,2019-04-18 22:16:38
2019-04-18 22:16:39,2019-04-18 22:16:39
2019-04-18 22:16:39,2019-04-18 22:16:39
2019-04-18 22:16:40,2019-04-18 22:16:40
2019-04-18 22:16:40,2019-04-18 22:16:40
2019-04-18 22:16:41,2019-04-18 22:16:41
2019-04-18 22:16:41,2019-04-18 22:16:41
2019-04-18 22:16:42,2019-04-18 22:16:42
2019-04-18 22:16:42,2019-04-18 22:16:42
2019-04-18 22:16:43,2019-04-18 22:16:43
2019-04-18 22:16:43,2019-04-18 22:16:43
2019-04-18 22:16:44,2019-04-18 22:16:44
2019-04-18 22:16:44,2019-04-18 22:16:44
2019-04-18 22:16:45,2019-04-18 22:16:45
2019-04-18 22:16:45,2019-04-18 22:16:45
2019-04-18 22:16:46,2019-04-18 22:16:46
2019-04-18 22:16:46,2019-04-18 22:16:46
2019-04-18 22:16:47,2019-04-18 22:16:47
2019-04-18 22:16:48,2019-04-18 22:16:48
2019-04-18 22:16:48,2019-04-18 22:16:48
2019-04-18 22:17:01,2019-04-18 22:17:01
2019-04-18 22:17:01,2019-04-18 22:17:01
2019-04-18 22:17:01,2019-04-18 22:17:01
2019-04-18 22:17:01,2019-04-18 22:17:01
2019-04-18 22:17:01,2019-04-18 22:17:01
2019-04-18 22:17:01,2019-04-18 22:17:01
2019-04-18 22:17:01,2019-04-18 22:17:01
2019-04-18 22:17:01,2019-04-18 22:17:01
2019-04-18 22:17:01,2019-04-18 22:17:01
2019-04-18 22:17:01,2019-04-18 22:17:01
2019-04-18 22:17:01,2019-04-18 22:17:01
2019-04-18 22:17:01,2019-04-18 22:17:01
2019-04-18 22:17:01,2019-04-18 22:17:01
2019-04-18 22:17:01,2019-04-18 22:17:01
2019-04-18 22:17:01,2019-04-18 22:17:01
2019-04-18 22:17:01,2019-04-18 22:17:01
2019-04-18 22:17:01,2019-04-18 22:17:01
2019-04-18 22:17:01,2019-04-18 22:17:01
2019-04-18 22:17:01,2019-04-18 22:17:01
2019-04-18 22:17:01,2019-04-18 22:17:01
2019-04-18 22:17:01,2019-04-18 22:17:01
2019-04-18 22:17:01,2019-04-18 22:17:01
2019-04-18 22:17:01,2019-04-18 22:17:01
2019-04-18 22:17:01,2019-04-18 22:17:01
2019-04-18 22:17:01,2019-04-18 22:17:01
2019-04-18 22:17:01,2019-04-18 22:17:01
2019-04-18 22:17:01,2019-04-18 22:17:01
2019-04-18 22:17:01,2019-04-18 22:17:01
2019-04-18 22:17:01,2019-04-18 22:17:01
2019-04-18 22:17:01,2019-04-18 22:17:01
2019-04-18 22:17:01,2019-04-18 22:17:01
2019-04-18 22:17:01,2019-04-18 22:17:01
2019-04-18 22:17:01,2019-04-18 22:17:01
2019-04-18 22:17:01,2019-04-18 22:17:01
2019-04-18 22:17:01,2019-04-18 22:17:01
2019-04-18 22:17:01,2019-04-18 22:17:01
2019-04-18 22:17:01,2019-04-18 22:17:01
2019-04-18 22:17:01,2019-04-18 22:17:01
2019-04-18 22:17:01,2019-04-18 22:17:01
2019-04-18 22:17:01,2019-04-18 22:17:01
2019-04-18 22:17:01,2019-04-18 22:17:01
2019-04-18 22:17:01,2019-04-18 22:17:01
2019-04-18 22:17:01,2019-04-18 22:17:01
2019-04-18 22:17:01,2019-04-18 22:17:01
2019-04-18 22:17:01,2019-04-18 22:17:01
2019-04-18 22:17:01,2019-04-18 22:17:01
2019-04-18 22:17:01,2019-04-18 22:17:01
2019-04-18 22:17:01,2019-04-18 22:17:01
2019-04-18 22:17:01,2019-04-18 22:17:01
2019-04-18 22:17:01,2019-04-18 22:17:01
2019-04-18 22:17:01,2019-04-18 22:17:01
2019-04-18 22:17:01,2019-04-18 22:17:01
2019-04-18 22:17:01,2019-04-18 22:17:01
2019-04-18 22:17:02,2019-04-18 22:17:02
2019-04-18 22:17:02,2019-04-18 22:17:02
2019-04-18 22:17:02,2019-04-18 22:17:02
2019-04-18 22:17:02,2019-04-18 22:17:02
2019-04-18 22:17:02,2019-04-18 22:17:02
2019-04-18 22:17:02,2019-04-18 22:17:02
2019-04-18 22:17:02,2019-04-18 22:17:02
2019-04-18 22:17:02,2019-04-18 22:17:02
2019-04-18 22:17:02,2019-04-18 22:17:02
2019-04-18 22:17:02,2019-04-18 22:17:02
2019-04-18 22:17:02,2019-04-18 22:17:02
2019-04-18 22:17:02,2019-04-18 22:17:02
2019-04-18 22:17:02,2019-04-18 22:17:02
2019-04-18 22:17:02,2019-04-18 22:17:02
2019-04-18 22:17:02,2019-04-18 22:17:02
2019-04-18 22:17:02,2019-04-18 22:17:02
2019-04-18 22:17:02,2019-04-18 22:17:02
2019-04-18 22:17:02,2019-04-18 22:17:02
2019-04-18 22:17:02,2019-04-18 22:17:02
2019-04-18 22:17:02,2019-04-18 22:17:02
2019-04-18 22:17:02,2019-04-18 22:17:02
2019-04-18 22:17:02,2019-04-18 22:17:02
2019-04-18 22:17:02,2019-04-18 22:17:02
2019-04-18 22:17:02,2019-04-18 22:17:02
2019-04-18 22:17:02,2019-04-18 22:17:02
2019-04-18 22:17:02,2019-04-18 22:17:02
2019-04-18 22:17:02,2019-04-18 22:17:02
2019-04-18 22:17:02,2019-04-18 22:17:02
2019-04-18 22:17:02,2019-04-18 22:17:02
2019-04-18 22:17:02,2019-04-18 22:17:02
2019-04-18 22:17:02,2019-04-18 22:17:02
2019-04-18 22:17:02,2019-04-18 22:17:02
2019-04-18 22:17:02,2019-04-18 22:17:02
2019-04-18 22:17:02,2019-04-18 22:17:02
2019-04-18 22:17:02,2019-04-18 22:17:02
2019-04-18 22:17:02,2019-04-18 22:17:02
2019-04-18 22:17:02,2019-04-18 22:17:02
2019-04-18 22:17:02,2019-04-18 22:17:02
2019-04-18 22:17:02,2019-04-18 22:17:02
2019-04-18 22:17:02,2019-04-18 22:17:02
2019-04-18 22:17:02,2019-04-18 22:17:02
2019-04-18 22:17:02,2019-04-18 22:17:02
2019-04-18 22:17:02,2019-04-18 22:17:02
2019-04-18 22:17:02,2019-04-18 22:17:02
2019-04-18 22:17:02,2019-04-18 22:17:02
2019-04-18 22:17:02,2019-04-18 22:17:02
2019-04-18 22:17:02,2019-04-18 22:17:02
2019-04-18 22:17:02,2019-04-18 22:17:02
2019-04-18 22:17:02,2019-04-18 22:17:02
2019-04-18 22:17:02,2019-04-18 22:17:02
2019-04-18 22:17:02,2019-04-18 22:17:02
2019-04-18 22:17:02,2019-04-18 22:17:02
2019-04-18 22:17:02,2019-04-18 22:17:02
2019-04-18 22:17:02,2019-04-18 22:17:02
2019-04-18 22:17:02,2019-04-18 22:17:02
2019-04-18 22:17:02,2019-04-18 22:17:02
2019-04-18 22:17:02,2019-04-18 22:17:02
2019-04-18 22:17:02,2019-04-18 22:17:02
2019-04-18 22:17:02,2019-04-18 22:17:02
2019-04-18 22:17:02,2019-04-18 22:17:02
2019-04-18 22:17:02,2019-04-18 22:17:02
2019-04-18 22:17:02,2019-04-18 22:17:02
2019-04-18 22:17:02,2019-04-18 22:17:02
2019-04-18 22:17:02,2019-04-18 22:17:02
2019-04-18 22:17:02,2019-04-18 22:17:02
2019-04-18 22:17:02,2019-04-18 22:17:02
2019-04-18 22:17:02,2019-04-18 22:17:02
2019-04-18 22:17:02,2019-04-18 22:17:02
2019-04-18 22:17:02,2019-04-18 22:17:02
2019-04-18 22:17:02,2019-04-18 22:17:02
2019-04-18 22:17:02,2019-04-18 22:17:02
2019-04-18 22:17:02,2019-04-18 22:17:02
2019-04-18 22:17:02,2019-04-18 22:17:02
2019-04-18 22:17:03,2019-04-18 22:17:03
2019-04-18 22:17:03,2019-04-18 22:17:03
2019-04-18 22:17:03,2019-04-18 22:17:03
2019-04-18 22:17:03,2019-04-18 22:17:03
2019-04-18 22:17:03,2019-04-18 22:17:03
2019-04-18 22:17:03,2019-04-18 22:17:03
2019-04-18 22:17:03,2019-04-18 22:17:03
2019-04-18 22:17:03,2019-04-18 22:17:03
2019-04-18 22:17:03,2019-04-18 22:17:03
2019-04-18 22:17:03,2019-04-18 22:17:03
2019-04-18 22:17:03,2019-04-18 22:17:03
2019-04-18 22:17:03,2019-04-18 22:17:03
2019-04-18 22:17:03,2019-04-18 22:17:03
2019-04-18 22:17:03,2019-04-18 22:17:03
2019-04-18 22:17:03,2019-04-18 22:17:03
2019-04-18 22:17:03,2019-04-18 22:17:03
2019-04-18 22:17:03,2019-04-18 22:17:03
2019-04-18 22:17:03,2019-04-18 22:17:03
2019-04-18 22:17:03,2019-04-18 22:17:03
2019-04-18 22:17:03,2019-04-18 22:17:03
2019-04-18 22:17:03,2019-04-18 22:17:03
2019-04-18 22:17:03,2019-04-18 22:17:03
2019-04-18 22:17:03,2019-04-18 22:17:03
2019-04-18 22:17:03,2019-04-18 22:17:03
2019-04-18 22:17:03,2019-04-18 22:17:03
2019-04-18 22:17:03,2019-04-18 22:17:03
2019-04-18 22:17:03,2019-04-18 22:17:03
2019-04-18 22:17:03,2019-04-18 22:17:03
2019-04-18 22:17:03,2019-04-18 22:17:03
2019-04-18 22:17:03,2019-04-18 22:17:03
2019-04-18 22:17:03,2019-04-18 22:17:03
2019-04-18 22:17:03,2019-04-18 22:17:03
2019-04-18 22:17:03,2019-04-18 22:17:03
2019-04-18 22:17:03,2019-04-18 22:17:03
2019-04-18 22:17:03,2019-04-18 22:17:03
2019-04-18 22:17:03,2019-04-18 22:17:03
2019-04-18 22:17:03,2019-04-18 22:17:03
2019-04-18 22:17:03,2019-04-18 22:17:03
2019-04-18 22:17:03,2019-04-18 22:17:03
2019-04-18 22:17:03,2019-04-18 22:17:03
2019-04-18 22:17:03,2019-04-18 22:17:03
2019-04-18 22:17:03,2019-04-18 22:17:03
2019-04-18 22:17:03,2019-04-18 22:17:03
2019-04-18 22:17:03,2019-04-18 22:17:03
2019-04-18 22:17:03,2019-04-18 22:17:03
2019-04-18 22:17:03,2019-04-18 22:17:03
2019-04-18 22:17:03,2019-04-18 22:17:03
2019-04-18 22:17:03,2019-04-18 22:17:03
2019-04-18 22:17:03,2019-04-18 22:17:03
2019-04-18 22:17:03,2019-04-18 22:17:03
2019-04-18 22:17:03,2019-04-18 22:17:03
2019-04-18 22:17:03,2019-04-18 22:17:03
2019-04-18 22:17:03,2019-04-18 22:17:03
2019-04-18 22:17:03,2019-04-18 22:17:03
2019-04-18 22:17:03,2019-04-18 22:17:03
2019-04-18 22:17:03,2019-04-18 22:17:03
2019-04-18 22:17:03,2019-04-18 22:17:03
2019-04-18 22:17:03,2019-04-18 22:17:03
2019-04-18 22:17:03,2019-04-18 22:17:03
2019-04-18 22:17:03,2019-04-18 22:17:03
2019-04-18 22:17:03,2019-04-18 22:17:03
2019-04-18 22:17:03,2019-04-18 22:17:03
2019-04-18 22:17:03,2019-04-18 22:17:03
2019-04-18 22:17:03,2019-04-18 22:17:03
2019-04-18 22:17:03,2019-04-18 22:17:03
2019-04-18 22:17:03,2019-04-18 22:17:03
2019-04-18 22:17:03,2019-04-18 22:17:03
2019-04-18 22:17:03,2019-04-18 22:17:03
2019-04-18 22:17:03,2019-04-18 22:17:03
2019-04-18 22:17:03,2019-04-18 22:17:03
2019-04-18 22:17:03,2019-04-18 22:17:03
2019-04-18 22:17:03,2019-04-18 22:17:03
2019-04-18 22:17:03,2019-04-18 22:17:03
2019-04-18 22:17:03,2019-04-18 22:17:03
2019-04-18 22:17:04,2019-04-18 22:17:04
2019-04-18 22:17:04,2019-04-18 22:17:04
2019-04-18 22:17:04,2019-04-18 22:17:04
2019-04-18 22:17:04,2019-04-18 22:17:04
2019-04-18 22:17:04,2019-04-18 22:17:04
2019-04-18 22:17:04,2019-04-18 22:17:04
2019-04-18 22:17:04,2019-04-18 22:17:04
2019-04-18 22:17:04,2019-04-18 22:17:04
2019-04-18 22:17:04,2019-04-18 22:17:04
2019-04-18 22:17:04,2019-04-18 22:17:04
2019-04-18 22:17:04,2019-04-18 22:17:04
2019-04-18 22:17:04,2019-04-18 22:17:04
2019-04-18 22:17:04,2019-04-18 22:17:04
2019-04-18 22:17:04,2019-04-18 22:17:04
2019-04-18 22:17:04,2019-04-18 22:17:04
2019-04-18 22:17:04,2019-04-18 22:17:04
2019-04-18 22:17:04,2019-04-18 22:17:04
2019-04-18 22:17:04,2019-04-18 22:17:04
2019-04-18 22:17:04,2019-04-18 22:17:04
2019-04-18 22:17:04,2019-04-18 22:17:04
2019-04-18 22:17:04,2019-04-18 22:17:04
2019-04-18 22:17:04,2019-04-18 22:17:04
2019-04-18 22:17:04,2019-04-18 22:17:04
2019-04-18 22:17:04,2019-04-18 22:17:04
2019-04-18 22:17:04,2019-04-18 22:17:04
2019-04-18 22:17:04,2019-04-18 22:17:04
2019-04-18 22:17:04,2019-04-18 22:17:04
2019-04-18 22:17:04,2019-04-18 22:17:04
2019-04-18 22:17:04,2019-04-18 22:17:04
2019-04-18 22:17:04,2019-04-18 22:17:04
2019-04-18 22:17:04,2019-04-18 22:17:04
2019-04-18 22:17:04,2019-04-18 22:17:04
2019-04-18 22:17:04,2019-04-18 22:17:04
2019-04-18 22:17:04,2019-04-18 22:17:04
2019-04-18 22:17:04,2019-04-18 22:17:04
2019-04-18 22:17:04,2019-04-18 22:17:04
2019-04-18 22:17:04,2019-04-18 22:17:04
2019-04-18 22:17:04,2019-04-18 22:17:04
2019-04-18 22:17:04,2019-04-18 22:17:04
2019-04-18 22:17:04,2019-04-18 22:17:04
2019-04-18 22:17:04,2019-04-18 22:17:04
2019-04-18 22:17:04,2019-04-18 22:17:04
2019-04-18 22:17:04,2019-04-18 22:17:04
2019-04-18 22:17:04,2019-04-18 22:17:04
2019-04-18 22:17:04,2019-04-18 22:17:04
2019-04-18 22:17:04,2019-04-18 22:17:04
2019-04-18 22:17:04,2019-04-18 22:17:04
2019-04-18 22:17:04,2019-04-18 22:17:04
2019-04-18 22:17:04,2019-04-18 22:17:04
2019-04-18 22:17:04,2019-04-18 22:17:04
2019-04-18 22:17:04,2019-04-18 22:17:04
2019-04-18 22:17:04,2019-04-18 22:17:04
2019-04-18 22:17:04,2019-04-18 22:17:04
2019-04-18 22:17:04,2019-04-18 22:17:04
2019-04-18 22:17:04,2019-04-18 22:17:04
2019-04-18 22:17:04,2019-04-18 22:17:04
2019-04-18 22:17:04,2019-04-18 22:17:04
2019-04-18 22:17:04,2019-04-18 22:17:04
2019-04-18 22:17:04,2019-04-18 22:17:04
2019-04-18 22:17:04,2019-04-18 22:17:04
2019-04-18 22:17:04,2019-04-18 22:17:04
2019-04-18 22:17:04,2019-04-18 22:17:04
2019-04-18 22:17:04,2019-04-18 22:17:04
2019-04-18 22:17:04,2019-04-18 22:17:04
2019-04-18 22:17:04,2019-04-18 22:17:04
2019-04-18 22:17:04,2019-04-18 22:17:04
2019-04-18 22:17:04,2019-04-18 22:17:04
2019-04-18 22:17:04,2019-04-18 22:17:04
2019-04-18 22:17:04,2019-04-18 22:17:04
2019-04-18 22:17:04,2019-04-18 22:17:04
2019-04-18 22:17:04,2019-04-18 22:17:04
2019-04-18 22:17:04,2019-04-18 22:17:04
2019-04-18 22:17:04,2019-04-18 22:17:04
2019-04-18 22:17:05,2019-04-18 22:17:05
2019-04-18 22:17:05,2019-04-18 22:17:05
2019-04-18 22:17:05,2019-04-18 22:17:05
2019-04-18 22:17:05,2019-04-18 22:17:05
2019-04-18 22:17:05,2019-04-18 22:17:05
2019-04-18 22:17:05,2019-04-18 22:17:05
2019-04-18 22:17:05,2019-04-18 22:17:05
2019-04-18 22:17:05,2019-04-18 22:17:05
2019-04-18 22:17:05,2019-04-18 22:17:05
2019-04-18 22:17:05,2019-04-18 22:17:05
2019-04-18 22:17:05,2019-04-18 22:17:05
2019-04-18 22:17:05,2019-04-18 22:17:05
2019-04-18 22:17:05,2019-04-18 22:17:05
2019-04-18 22:17:05,2019-04-18 22:17:05
2019-04-18 22:17:05,2019-04-18 22:17:05
2019-04-18 22:17:05,2019-04-18 22:17:05
2019-04-18 22:17:05,2019-04-18 22:17:05
2019-04-18 22:17:05,2019-04-18 22:17:05
2019-04-18 22:17:05,2019-04-18 22:17:05
2019-04-18 22:17:05,2019-04-18 22:17:05
2019-04-18 22:17:05,2019-04-18 22:17:05
2019-04-18 22:17:05,2019-04-18 22:17:05
2019-04-18 22:17:05,2019-04-18 22:17:05
2019-04-18 22:17:05,2019-04-18 22:17:05
2019-04-18 22:17:05,2019-04-18 22:17:05
2019-04-18 22:17:05,2019-04-18 22:17:05
2019-04-18 22:17:05,2019-04-18 22:17:05
2019-04-18 22:17:05,2019-04-18 22:17:05
2019-04-18 22:17:05,2019-04-18 22:17:05
2019-04-18 22:17:05,2019-04-18 22:17:05
2019-04-18 22:17:05,2019-04-18 22:17:05
2019-04-18 22:17:05,2019-04-18 22:17:05
2019-04-18 22:17:05,2019-04-18 22:17:05
2019-04-18 22:17:05,2019-04-18 22:17:05
2019-04-18 22:17:05,2019-04-18 22:17:05
2019-04-18 22:17:05,2019-04-18 22:17:05
2019-04-18 22:17:05,2019-04-18 22:17:05
2019-04-18 22:17:05,2019-04-18 22:17:05
2019-04-18 22:17:05,2019-04-18 22:17:05
2019-04-18 22:17:05,2019-04-18 22:17:05
2019-04-18 22:17:05,2019-04-18 22:17:05
2019-04-18 22:17:05,2019-04-18 22:17:05
2019-04-18 22:17:05,2019-04-18 22:17:05
2019-04-18 22:17:05,2019-04-18 22:17:05
2019-04-18 22:17:05,2019-04-18 22:17:05
2019-04-18 22:17:05,2019-04-18 22:17:05
2019-04-18 22:17:05,2019-04-18 22:17:05
2019-04-18 22:17:05,2019-04-18 22:17:05
2019-04-18 22:17:05,2019-04-18 22:17:05
2019-04-18 22:17:05,2019-04-18 22:17:05
2019-04-18 22:17:05,2019-04-18 22:17:05
2019-04-18 22:17:05,2019-04-18 22:17:05
2019-04-18 22:17:05,2019-04-18 22:17:05
2019-04-18 22:17:05,2019-04-18 22:17:05
2019-04-18 22:17:05,2019-04-18 22:17:05
2019-04-18 22:17:05,2019-04-18 22:17:05
2019-04-18 22:17:05,2019-04-18 22:17:05
2019-04-18 22:17:05,2019-04-18 22:17:05
2019-04-18 22:17:05,2019-04-18 22:17:05
2019-04-18 22:17:05,2019-04-18 22:17:05
2019-04-18 22:17:05,2019-04-18 22:17:05
2019-04-18 22:17:05,2019-04-18 22:17:05
2019-04-18 22:17:05,2019-04-18 22:17:05
2019-04-18 22:17:05,2019-04-18 22:17:05
2019-04-18 22:17:05,2019-04-18 22:17:05
2019-04-18 22:17:05,2019-04-18 22:17:05
2019-04-18 22:17:05,2019-04-18 22:17:05
2019-04-18 22:17:05,2019-04-18 22:17:05
2019-04-18 22:17:05,2019-04-18 22:17:05
2019-04-18 22:17:05,2019-04-18 22:17:05
2019-04-18 22:17:05,2019-04-18 22:17:05
2019-04-18 22:17:05,2019-04-18 22:17:05
2019-04-18 22:17:05,2019-04-18 22:17:05
2019-04-18 22:17:05,2019-04-18 22:17:05
2019-04-18 22:17:06,2019-04-18 22:17:06
2019-04-18 22:17:06,2019-04-18 22:17:06
2019-04-18 22:17:06,2019-04-18 22:17:06
2019-04-18 22:17:06,2019-04-18 22:17:06
2019-04-18 22:17:06,2019-04-18 22:17:06
2019-04-18 22:17:06,2019-04-18 22:17:06
2019-04-18 22:17:06,2019-04-18 22:17:06
2019-04-18 22:17:06,2019-04-18 22:17:06
2019-04-18 22:17:06,2019-04-18 22:17:06
2019-04-18 22:17:06,2019-04-18 22:17:06
2019-04-18 22:17:06,2019-04-18 22:17:06
2019-04-18 22:17:06,2019-04-18 22:17:06
2019-04-18 22:17:06,2019-04-18 22:17:06
2019-04-18 22:17:06,2019-04-18 22:17:06
2019-04-18 22:17:06,2019-04-18 22:17:06
2019-04-18 22:17:06,2019-04-18 22:17:06
2019-04-18 22:17:06,2019-04-18 22:17:06
2019-04-18 22:17:06,2019-04-18 22:17:06
2019-04-18 22:17:06,2019-04-18 22:17:06
2019-04-18 22:17:06,2019-04-18 22:17:06
2019-04-18 22:17:06,2019-04-18 22:17:06
2019-04-18 22:17:06,2019-04-18 22:17:06
2019-04-18 22:17:06,2019-04-18 22:17:06
2019-04-18 22:17:06,2019-04-18 22:17:06
2019-04-18 22:17:06,2019-04-18 22:17:06
2019-04-18 22:17:06,2019-04-18 22:17:06
2019-04-18 22:17:06,2019-04-18 22:17:06
2019-04-18 22:17:06,2019-04-18 22:17:06
2019-04-18 22:17:06,2019-04-18 22:17:06
2019-04-18 22:17:06,2019-04-18 22:17:06
2019-04-18 22:17:06,2019-04-18 22:17:06
2019-04-18 22:17:06,2019-04-18 22:17:06
2019-04-18 22:17:06,2019-04-18 22:17:06
2019-04-18 22:17:06,2019-04-18 22:17:06
2019-04-18 22:17:06,2019-04-18 22:17:06
2019-04-18 22:17:06,2019-04-18 22:17:06
2019-04-18 22:17:06,2019-04-18 22:17:06
2019-04-18 22:17:06,2019-04-18 22:17:06
2019-04-18 22:17:06,2019-04-18 22:17:06
2019-04-18 22:17:06,2019-04-18 22:17:06
2019-04-18 22:17:06,2019-04-18 22:17:06
2019-04-18 22:17:06,2019-04-18 22:17:06
2019-04-18 22:17:06,2019-04-18 22:17:06
2019-04-18 22:17:06,2019-04-18 22:17:06
2019-04-18 22:17:06,2019-04-18 22:17:06
2019-04-18 22:17:06,2019-04-18 22:17:06
2019-04-18 22:17:06,2019-04-18 22:17:06
2019-04-18 22:17:06,2019-04-18 22:17:06
2019-04-18 22:17:06,2019-04-18 22:17:06
2019-04-18 22:17:06,2019-04-18 22:17:06
2019-04-18 22:17:06,2019-04-18 22:17:06
2019-04-18 22:17:06,2019-04-18 22:17:06
2019-04-18 22:17:06,2019-04-18 22:17:06
2019-04-18 22:17:06,2019-04-18 22:17:06
2019-04-18 22:17:06,2019-04-18 22:17:06
2019-04-18 22:17:06,2019-04-18 22:17:06
2019-04-18 22:17:06,2019-04-18 22:17:06
2019-04-18 22:17:06,2019-04-18 22:17:06
2019-04-18 22:17:06,2019-04-18 22:17:06
2019-04-18 22:17:06,2019-04-18 22:17:06
2019-04-18 22:17:06,2019-04-18 22:17:06
2019-04-18 22:17:06,2019-04-18 22:17:06
2019-04-18 22:17:06,2019-04-18 22:17:06
2019-04-18 22:17:06,2019-04-18 22:17:06
2019-04-18 22:17:06,2019-04-18 22:17:06
2019-04-18 22:17:06,2019-04-18 22:17:06
2019-04-18 22:17:06,2019-04-18 22:17:06
2019-04-18 22:17:06,2019-04-18 22:17:06
2019-04-18 22:17:06,2019-04-18 22:17:06
2019-04-18 22:17:06,2019-04-18 22:17:06
2019-04-18 22:17:06,2019-04-18 22:17:06
2019-04-18 22:17:06,2019-04-18 22:17:06
2019-04-18 22:17:06,2019-04-18 22:17:06
2019-04-18 22:17:07,2019-04-18 22:17:07
2019-04-18 22:17:07,2019-04-18 22:17:07
2019-04-18 22:17:07,2019-04-18 22:17:07
2019-04-18 22:17:07,2019-04-18 22:17:07
2019-04-18 22:17:07,2019-04-18 22:17:07
2019-04-18 22:17:07,2019-04-18 22:17:07
2019-04-18 22:17:07,2019-04-18 22:17:07
2019-04-18 22:17:07,2019-04-18 22:17:07
2019-04-18 22:17:07,2019-04-18 22:17:07
2019-04-18 22:17:07,2019-04-18 22:17:07
2019-04-18 22:17:07,2019-04-18 22:17:07
2019-04-18 22:17:07,2019-04-18 22:17:07
2019-04-18 22:17:07,2019-04-18 22:17:07
2019-04-18 22:17:07,2019-04-18 22:17:07
2019-04-18 22:17:07,2019-04-18 22:17:07
2019-04-18 22:17:07,2019-04-18 22:17:07
2019-04-18 22:17:07,2019-04-18 22:17:07
2019-04-18 22:17:07,2019-04-18 22:17:07
2019-04-18 22:17:07,2019-04-18 22:17:07
2019-04-18 22:17:07,2019-04-18 22:17:07
2019-04-18 22:17:07,2019-04-18 22:17:07
2019-04-18 22:17:07,2019-04-18 22:17:07
2019-04-18 22:17:07,2019-04-18 22:17:07
2019-04-18 22:17:07,2019-04-18 22:17:07
2019-04-18 22:17:07,2019-04-18 22:17:07
2019-04-18 22:17:07,2019-04-18 22:17:07
2019-04-18 22:17:07,2019-04-18 22:17:07
2019-04-18 22:17:07,2019-04-18 22:17:07
2019-04-18 22:17:07,2019-04-18 22:17:07
2019-04-18 22:17:07,2019-04-18 22:17:07
2019-04-18 22:17:07,2019-04-18 22:17:07
2019-04-18 22:17:07,2019-04-18 22:17:07
2019-04-18 22:17:07,2019-04-18 22:17:07
2019-04-18 22:17:07,2019-04-18 22:17:07
2019-04-18 22:17:07,2019-04-18 22:17:07
2019-04-18 22:17:07,2019-04-18 22:17:07
2019-04-18 22:17:07,2019-04-18 22:17:07
2019-04-18 22:17:07,2019-04-18 22:17:07
2019-04-18 22:17:07,2019-04-18 22:17:07
2019-04-18 22:17:07,2019-04-18 22:17:07
2019-04-18 22:17:07,2019-04-18 22:17:07
2019-04-18 22:17:07,2019-04-18 22:17:07
2019-04-18 22:17:07,2019-04-18 22:17:07
2019-04-18 22:17:07,2019-04-18 22:17:07
2019-04-18 22:17:07,2019-04-18 22:17:07
2019-04-18 22:17:07,2019-04-18 22:17:07
2019-04-18 22:17:07,2019-04-18 22:17:07
2019-04-18 22:17:07,2019-04-18 22:17:07
2019-04-18 22:17:07,2019-04-18 22:17:07
2019-04-18 22:17:07,2019-04-18 22:17:07
2019-04-18 22:17:07,2019-04-18 22:17:07
2019-04-18 22:17:07,2019-04-18 22:17:07
2019-04-18 22:17:07,2019-04-18 22:17:07
2019-04-18 22:17:07,2019-04-18 22:17:07
2019-04-18 22:17:07,2019-04-18 22:17:07
2019-04-18 22:17:07,2019-04-18 22:17:07
2019-04-18 22:17:07,2019-04-18 22:17:07
2019-04-18 22:17:07,2019-04-18 22:17:07
2019-04-18 22:17:07,2019-04-18 22:17:07
2019-04-18 22:17:07,2019-04-18 22:17:07
2019-04-18 22:17:07,2019-04-18 22:17:07
2019-04-18 22:17:07,2019-04-18 22:17:07
2019-04-18 22:17:07,2019-04-18 22:17:07
2019-04-18 22:17:07,2019-04-18 22:17:07
2019-04-18 22:17:07,2019-04-18 22:17:07
2019-04-18 22:17:07,2019-04-18 22:17:07
2019-04-18 22:17:07,2019-04-18 22:17:07
2019-04-18 22:17:07,2019-04-18 22:17:07
2019-04-18 22:17:07,2019-04-18 22:17:07
2019-04-18 22:17:07,2019-04-18 22:17:07
2019-04-18 22:17:07,2019-04-18 22:17:07
2019-04-18 22:17:07,2019-04-18 22:17:07
2019-04-18 22:17:07,2019-04-18 22:17:07
2019-04-18 22:17:08,2019-04-18 22:17:08
2019-04-18 22:17:08,2019-04-18 22:17:08
2019-04-18 22:17:08,2019-04-18 22:17:08
2019-04-18 22:17:08,2019-04-18 22:17:08
2019-04-18 22:17:08,2019-04-18 22:17:08
2019-04-18 22:17:08,2019-04-18 22:17:08
2019-04-18 22:17:08,2019-04-18 22:17:08
2019-04-18 22:17:08,2019-04-18 22:17:08
2019-04-18 22:17:08,2019-04-18 22:17:08
2019-04-18 22:17:08,2019-04-18 22:17:08
2019-04-18 22:17:08,2019-04-18 22:17:08
2019-04-18 22:17:08,2019-04-18 22:17:08
2019-04-18 22:17:08,2019-04-18 22:17:08
2019-04-18 22:17:08,2019-04-18 22:17:08
2019-04-18 22:17:08,2019-04-18 22:17:08
2019-04-18 22:17:08,2019-04-18 22:17:08
2019-04-18 22:17:08,2019-04-18 22:17:08
2019-04-18 22:17:08,2019-04-18 22:17:08
2019-04-18 22:17:08,2019-04-18 22:17:08
2019-04-18 22:17:08,2019-04-18 22:17:08
2019-04-18 22:17:08,2019-04-18 22:17:08
2019-04-18 22:17:08,2019-04-18 22:17:08
2019-04-18 22:17:08,2019-04-18 22:17:08
2019-04-18 22:17:08,2019-04-18 22:17:08
2019-04-18 22:17:08,2019-04-18 22:17:08
2019-04-18 22:17:08,2019-04-18 22:17:08
2019-04-18 22:17:08,2019-04-18 22:17:08
2019-04-18 22:17:08,2019-04-18 22:17:08
2019-04-18 22:17:08,2019-04-18 22:17:08
2019-04-18 22:17:08,2019-04-18 22:17:08
2019-04-18 22:17:08,2019-04-18 22:17:08
2019-04-18 22:17:08,2019-04-18 22:17:08
2019-04-18 22:17:08,2019-04-18 22:17:08
2019-04-18 22:17:08,2019-04-18 22:17:08
2019-04-18 22:17:08,2019-04-18 22:17:08
2019-04-18 22:17:08,2019-04-18 22:17:08
2019-04-18 22:17:08,2019-04-18 22:17:08
2019-04-18 22:17:08,2019-04-18 22:17:08
2019-04-18 22:17:08,2019-04-18 22:17:08
2019-04-18 22:17:08,2019-04-18 22:17:08
2019-04-18 22:17:08,2019-04-18 22:17:08
2019-04-18 22:17:08,2019-04-18 22:17:08
2019-04-18 22:17:08,2019-04-18 22:17:08
2019-04-18 22:17:08,2019-04-18 22:17:08
2019-04-18 22:17:08,2019-04-18 22:17:08
2019-04-18 22:17:08,2019-04-18 22:17:08
2019-04-18 22:17:08,2019-04-18 22:17:08
2019-04-18 22:17:08,2019-04-18 22:17:08
2019-04-18 22:17:08,2019-04-18 22:17:08
2019-04-18 22:17:08,2019-04-18 22:17:08
2019-04-18 22:17:08,2019-04-18 22:17:08
2019-04-18 22:17:08,2019-04-18 22:17:08
2019-04-18 22:17:08,2019-04-18 22:17:08
2019-04-18 22:17:08,2019-04-18 22:17:08
2019-04-18 22:17:08,2019-04-18 22:17:08
2019-04-18 22:17:08,2019-04-18 22:17:08
2019-04-18 22:17:08,2019-04-18 22:17:08
2019-04-18 22:17:08,2019-04-18 22:17:08
2019-04-18 22:17:08,2019-04-18 22:17:08
2019-04-18 22:17:08,2019-04-18 22:17:08
2019-04-18 22:17:08,2019-04-18 22:17:08
2019-04-18 22:17:08,2019-04-18 22:17:08
2019-04-18 22:17:08,2019-04-18 22:17:08
2019-04-18 22:17:08,2019-04-18 22:17:08
2019-04-18 22:17:08,2019-04-18 22:17:08
2019-04-18 22:17:08,2019-04-18 22:17:08
2019-04-18 22:17:08,2019-04-18 22:17:08
2019-04-18 22:17:08,2019-04-18 22:17:08
2019-04-18 22:17:08,2019-04-18 22:17:08
2019-04-18 22:17:08,2019-04-18 22:17:08
2019-04-18 22:17:08,2019-04-18 22:17:08
2019-04-18 22:17:08,2019-04-18 22:17:08
2019-04-18 22:17:09,2019-04-18 22:17:09
2019-04-18 22:17:09,2019-04-18 22:17:09
2019-04-18 22:17:09,2019-04-18 22:17:09
2019-04-18 22:17:09,2019-04-18 22:17:09
2019-04-18 22:17:09,2019-04-18 22:17:09
2019-04-18 22:17:09,2019-04-18 22:17:09
2019-04-18 22:17:09,2019-04-18 22:17:09
2019-04-18 22:17:09,2019-04-18 22:17:09
2019-04-18 22:17:09,2019-04-18 22:17:09
2019-04-18 22:17:09,2019-04-18 22:17:09
2019-04-18 22:17:09,2019-04-18 22:17:09
2019-04-18 22:17:09,2019-04-18 22:17:09
2019-04-18 22:17:09,2019-04-18 22:17:09
2019-04-18 22:17:09,2019-04-18 22:17:09
2019-04-18 22:17:09,2019-04-18 22:17:09
2019-04-18 22:17:09,2019-04-18 22:17:09
2019-04-18 22:17:09,2019-04-18 22:17:09
2019-04-18 22:17:09,2019-04-18 22:17:09
2019-04-18 22:17:09,2019-04-18 22:17:09
2019-04-18 22:17:09,2019-04-18 22:17:09
2019-04-18 22:17:09,2019-04-18 22:17:09
2019-04-18 22:17:09,2019-04-18 22:17:09
2019-04-18 22:17:09,2019-04-18 22:17:09
2019-04-18 22:17:09,2019-04-18 22:17:09
2019-04-18 22:17:09,2019-04-18 22:17:09
2019-04-18 22:17:09,2019-04-18 22:17:09
2019-04-18 22:17:09,2019-04-18 22:17:09
2019-04-18 22:17:09,2019-04-18 22:17:09
2019-04-18 22:17:09,2019-04-18 22:17:09
2019-04-18 22:17:09,2019-04-18 22:17:09
2019-04-18 22:17:09,2019-04-18 22:17:09
2019-04-18 22:17:09,2019-04-18 22:17:09
2019-04-18 22:17:09,2019-04-18 22:17:09
2019-04-18 22:17:09,2019-04-18 22:17:09
2019-04-18 22:17:09,2019-04-18 22:17:09
2019-04-18 22:17:09,2019-04-18 22:17:09
2019-04-18 22:17:09,2019-04-18 22:17:09
2019-04-18 22:17:09,2019-04-18 22:17:09
2019-04-18 22:17:09,2019-04-18 22:17:09
2019-04-18 22:17:09,2019-04-18 22:17:09
2019-04-18 22:17:09,2019-04-18 22:17:09
2019-04-18 22:17:09,2019-04-18 22:17:09
2019-04-18 22:17:09,2019-04-18 22:17:09
2019-04-18 22:17:09,2019-04-18 22:17:09
2019-04-18 22:17:09,2019-04-18 22:17:09
2019-04-18 22:17:09,2019-04-18 22:17:09
2019-04-18 22:17:09,2019-04-18 22:17:09
2019-04-18 22:17:09,2019-04-18 22:17:09
2019-04-18 22:17:09,2019-04-18 22:17:09
2019-04-18 22:17:09,2019-04-18 22:17:09
2019-04-18 22:17:09,2019-04-18 22:17:09
2019-04-18 22:17:09,2019-04-18 22:17:09
2019-04-18 22:17:09,2019-04-18 22:17:09
2019-04-18 22:17:09,2019-04-18 22:17:09
2019-04-18 22:17:09,2019-04-18 22:17:09
2019-04-18 22:17:09,2019-04-18 22:17:09
2019-04-18 22:17:09,2019-04-18 22:17:09
2019-04-18 22:17:09,2019-04-18 22:17:09
2019-04-18 22:17:09,2019-04-18 22:17:09
2019-04-18 22:17:09,2019-04-18 22:17:09
2019-04-18 22:17:09,2019-04-18 22:17:09
2019-04-18 22:17:09,2019-04-18 22:17:09
2019-04-18 22:17:09,2019-04-18 22:17:09
2019-04-18 22:17:09,2019-04-18 22:17:09
2019-04-18 22:17:09,2019-04-18 22:17:09
2019-04-18 22:17:09,2019-04-18 22:17:09
2019-04-18 22:17:09,2019-04-18 22:17:09
2019-04-18 22:17:09,2019-04-18 22:17:09
2019-04-18 22:17:09,2019-04-18 22:17:09
2019-04-18 22:17:09,2019-04-18 22:17:09
2019-04-18 22:17:09,2019-04-18 22:17:09
2019-04-18 22:17:09,2019-04-18 22:17:09
2019-04-18 22:17:10,2019-04-18 22:17:10
2019-04-18 22:17:10,2019-04-18 22:17:10
2019-04-18 22:17:10,2019-04-18 22:17:10
2019-04-18 22:17:10,2019-04-18 22:17:10
2019-04-18 22:17:10,2019-04-18 22:17:10
2019-04-18 22:17:10,2019-04-18 22:17:10
2019-04-18 22:17:10,2019-04-18 22:17:10
2019-04-18 22:17:10,2019-04-18 22:17:10
2019-04-18 22:17:10,2019-04-18 22:17:10
2019-04-18 22:17:10,2019-04-18 22:17:10
2019-04-18 22:17:10,2019-04-18 22:17:10
2019-04-18 22:17:10,2019-04-18 22:17:10
2019-04-18 22:17:10,2019-04-18 22:17:10
2019-04-18 22:17:10,2019-04-18 22:17:10
2019-04-18 22:17:10,2019-04-18 22:17:10
2019-04-18 22:17:10,2019-04-18 22:17:10
2019-04-18 22:17:10,2019-04-18 22:17:10
2019-04-18 22:17:10,2019-04-18 22:17:10
2019-04-18 22:17:10,2019-04-18 22:17:10
2019-04-18 22:17:10,2019-04-18 22:17:10
2019-04-18 22:17:10,2019-04-18 22:17:10
2019-04-18 22:17:10,2019-04-18 22:17:10
2019-04-18 22:17:10,2019-04-18 22:17:10
2019-04-18 22:17:10,2019-04-18 22:17:10
2019-04-18 22:17:10,2019-04-18 22:17:10
2019-04-18 22:17:10,2019-04-18 22:17:10
2019-04-18 22:17:10,2019-04-18 22:17:10
2019-04-18 22:17:10,2019-04-18 22:17:10
2019-04-18 22:17:10,2019-04-18 22:17:10
2019-04-18 22:17:10,2019-04-18 22:17:10
2019-04-18 22:17:10,2019-04-18 22:17:10
2019-04-18 22:17:10,2019-04-18 22:17:10
2019-04-18 22:17:10,2019-04-18 22:17:10
2019-04-18 22:17:10,2019-04-18 22:17:10
2019-04-18 22:17:10,2019-04-18 22:17:10
2019-04-18 22:17:10,2019-04-18 22:17:10
2019-04-18 22:17:10,2019-04-18 22:17:10
2019-04-18 22:17:10,2019-04-18 22:17:10
2019-04-18 22:17:10,2019-04-18 22:17:10
2019-04-18 22:17:10,2019-04-18 22:17:10
2019-04-18 22:17:10,2019-04-18 22:17:10
2019-04-18 22:17:10,2019-04-18 22:17:10
2019-04-18 22:17:10,2019-04-18 22:17:10
2019-04-18 22:17:10,2019-04-18 22:17:10
2019-04-18 22:17:10,2019-04-18 22:17:10
2019-04-18 22:17:10,2019-04-18 22:17:10
2019-04-18 22:17:10,2019-04-18 22:17:10
2019-04-18 22:17:10,2019-04-18 22:17:10
2019-04-18 22:17:10,2019-04-18 22:17:10
2019-04-18 22:17:10,2019-04-18 22:17:10
2019-04-18 22:17:10,2019-04-18 22:17:10
2019-04-18 22:17:10,2019-04-18 22:17:10
2019-04-18 22:17:10,2019-04-18 22:17:10
2019-04-18 22:17:10,2019-04-18 22:17:10
2019-04-18 22:17:10,2019-04-18 22:17:10
2019-04-18 22:17:10,2019-04-18 22:17:10
2019-04-18 22:17:10,2019-04-18 22:17:10
2019-04-18 22:17:10,2019-04-18 22:17:10
2019-04-18 22:17:10,2019-04-18 22:17:10
2019-04-18 22:17:10,2019-04-18 22:17:10
2019-04-18 22:17:10,2019-04-18 22:17:10
2019-04-18 22:17:10,2019-04-18 22:17:10
2019-04-18 22:17:10,2019-04-18 22:17:10
2019-04-18 22:17:10,2019-04-18 22:17:10
2019-04-18 22:17:10,2019-04-18 22:17:10
2019-04-18 22:17:10,2019-04-18 22:17:10
2019-04-18 22:17:10,2019-04-18 22:17:10
2019-04-18 22:17:10,2019-04-18 22:17:10
2019-04-18 22:17:10,2019-04-18 22:17:10
2019-04-18 22:17:10,2019-04-18 22:17:10
2019-04-18 22:17:11,2019-04-18 22:17:11
2019-04-18 22:17:11,2019-04-18 22:17:11
2019-04-18 22:17:11,2019-04-18 22:17:11
2019-04-18 22:17:11,2019-04-18 22:17:11
2019-04-18 22:17:11,2019-04-18 22:17:11
2019-04-18 22:17:11,2019-04-18 22:17:11
2019-04-18 22:17:11,2019-04-18 22:17:11
2019-04-18 22:17:11,2019-04-18 22:17:11
2019-04-18 22:17:11,2019-04-18 22:17:11
2019-04-18 22:17:11,2019-04-18 22:17:11
2019-04-18 22:17:11,2019-04-18 22:17:11
2019-04-18 22:17:11,2019-04-18 22:17:11
2019-04-18 22:17:11,2019-04-18 22:17:11
2019-04-18 22:17:11,2019-04-18 22:17:11
2019-04-18 22:17:11,2019-04-18 22:17:11
2019-04-18 22:17:11,2019-04-18 22:17:11
2019-04-18 22:17:11,2019-04-18 22:17:11
2019-04-18 22:17:11,2019-04-18 22:17:11
2019-04-18 22:17:11,2019-04-18 22:17:11
2019-04-18 22:17:11,2019-04-18 22:17:11
2019-04-18 22:17:11,2019-04-18 22:17:11
2019-04-18 22:17:11,2019-04-18 22:17:11
2019-04-18 22:17:11,2019-04-18 22:17:11
2019-04-18 22:17:11,2019-04-18 22:17:11
2019-04-18 22:17:11,2019-04-18 22:17:11
2019-04-18 22:17:11,2019-04-18 22:17:11
2019-04-18 22:17:11,2019-04-18 22:17:11
2019-04-18 22:17:11,2019-04-18 22:17:11
2019-04-18 22:17:11,2019-04-18 22:17:11
2019-04-18 22:17:11,2019-04-18 22:17:11
2019-04-18 22:17:11,2019-04-18 22:17:11
2019-04-18 22:17:11,2019-04-18 22:17:11
2019-04-18 22:17:11,2019-04-18 22:17:11
2019-04-18 22:17:11,2019-04-18 22:17:11
2019-04-18 22:17:11,2019-04-18 22:17:11
2019-04-18 22:17:11,2019-04-18 22:17:11
2019-04-18 22:17:11,2019-04-18 22:17:11
2019-04-18 22:17:11,2019-04-18 22:17:11
2019-04-18 22:17:11,2019-04-18 22:17:11
2019-04-18 22:17:11,2019-04-18 22:17:11
2019-04-18 22:17:11,2019-04-18 22:17:11
2019-04-18 22:17:11,2019-04-18 22:17:11
2019-04-18 22:17:11,2019-04-18 22:17:11
2019-04-18 22:17:11,2019-04-18 22:17:11
2019-04-18 22:17:11,2019-04-18 22:17:11
2019-04-18 22:17:11,2019-04-18 22:17:11
2019-04-18 22:17:11,2019-04-18 22:17:11
2019-04-18 22:17:11,2019-04-18 22:17:11
2019-04-18 22:17:11,2019-04-18 22:17:11
2019-04-18 22:17:11,2019-04-18 22:17:11
2019-04-18 22:17:11,2019-04-18 22:17:11
2019-04-18 22:17:11,2019-04-18 22:17:11
2019-04-18 22:17:11,2019-04-18 22:17:11
2019-04-18 22:17:11,2019-04-18 22:17:11
2019-04-18 22:17:11,2019-04-18 22:17:11
2019-04-18 22:17:11,2019-04-18 22:17:11
2019-04-18 22:17:11,2019-04-18 22:17:11
2019-04-18 22:17:11,2019-04-18 22:17:11
2019-04-18 22:17:11,2019-04-18 22:17:11
2019-04-18 22:17:11,2019-04-18 22:17:11
2019-04-18 22:17:11,2019-04-18 22:17:11
2019-04-18 22:17:11,2019-04-18 22:17:11
2019-04-18 22:17:11,2019-04-18 22:17:11
2019-04-18 22:17:11,2019-04-18 22:17:11
2019-04-18 22:17:11,2019-04-18 22:17:11
2019-04-18 22:17:11,2019-04-18 22:17:11
2019-04-18 22:17:11,2019-04-18 22:17:11
2019-04-18 22:17:11,2019-04-18 22:17:11
2019-04-18 22:17:11,2019-04-18 22:17:11
2019-04-18 22:17:11,2019-04-18 22:17:11
2019-04-18 22:17:12,2019-04-18 22:17:12
2019-04-18 22:17:12,2019-04-18 22:17:12
2019-04-18 22:17:12,2019-04-18 22:17:12
2019-04-18 22:17:12,2019-04-18 22:17:12
2019-04-18 22:17:12,2019-04-18 22:17:12
2019-04-18 22:17:12,2019-04-18 22:17:12
2019-04-18 22:17:12,2019-04-18 22:17:12
2019-04-18 22:17:12,2019-04-18 22:17:12
2019-04-18 22:17:12,2019-04-18 22:17:12
2019-04-18 22:17:12,2019-04-18 22:17:12
2019-04-18 22:17:12,2019-04-18 22:17:12
2019-04-18 22:17:12,2019-04-18 22:17:12
2019-04-18 22:17:12,2019-04-18 22:17:12
2019-04-18 22:17:12,2019-04-18 22:17:12
2019-04-18 22:17:12,2019-04-18 22:17:12
2019-04-18 22:17:12,2019-04-18 22:17:12
2019-04-18 22:17:12,2019-04-18 22:17:12
2019-04-18 22:17:12,2019-04-18 22:17:12
2019-04-18 22:17:12,2019-04-18 22:17:12
2019-04-18 22:17:12,2019-04-18 22:17:12
2019-04-18 22:17:12,2019-04-18 22:17:12
2019-04-18 22:17:12,2019-04-18 22:17:12
2019-04-18 22:17:12,2019-04-18 22:17:12
2019-04-18 22:17:12,2019-04-18 22:17:12
2019-04-18 22:17:12,2019-04-18 22:17:12
2019-04-18 22:17:12,2019-04-18 22:17:12
2019-04-18 22:17:12,2019-04-18 22:17:12
2019-04-18 22:17:12,2019-04-18 22:17:12
2019-04-18 22:17:12,2019-04-18 22:17:12
2019-04-18 22:17:12,2019-04-18 22:17:12
2019-04-18 22:17:12,2019-04-18 22:17:12
2019-04-18 22:17:12,2019-04-18 22:17:12
2019-04-18 22:17:12,2019-04-18 22:17:12
2019-04-18 22:17:12,2019-04-18 22:17:12
2019-04-18 22:17:12,2019-04-18 22:17:12
2019-04-18 22:17:12,2019-04-18 22:17:12
2019-04-18 22:17:12,2019-04-18 22:17:12
2019-04-18 22:17:12,2019-04-18 22:17:12
2019-04-18 22:17:12,2019-04-18 22:17:12
2019-04-18 22:17:12,2019-04-18 22:17:12
2019-04-18 22:17:12,2019-04-18 22:17:12
2019-04-18 22:17:12,2019-04-18 22:17:12
2019-04-18 22:17:12,2019-04-18 22:17:12
2019-04-18 22:17:12,2019-04-18 22:17:12
2019-04-18 22:17:12,2019-04-18 22:17:12
2019-04-18 22:17:12,2019-04-18 22:17:12
2019-04-18 22:17:12,2019-04-18 22:17:12
2019-04-18 22:17:12,2019-04-18 22:17:12
2019-04-18 22:17:12,2019-04-18 22:17:12
2019-04-18 22:17:12,2019-04-18 22:17:12
2019-04-18 22:17:12,2019-04-18 22:17:12
2019-04-18 22:17:12,2019-04-18 22:17:12
2019-04-18 22:17:12,2019-04-18 22:17:12
2019-04-18 22:17:12,2019-04-18 22:17:12
2019-04-18 22:17:12,2019-04-18 22:17:12
2019-04-18 22:17:12,2019-04-18 22:17:12
2019-04-18 22:17:12,2019-04-18 22:17:12
2019-04-18 22:17:12,2019-04-18 22:17:12
2019-04-18 22:17:12,2019-04-18 22:17:12
2019-04-18 22:17:12,2019-04-18 22:17:12
2019-04-18 22:17:12,2019-04-18 22:17:12
2019-04-18 22:17:12,2019-04-18 22:17:12
2019-04-18 22:17:13,2019-04-18 22:17:13
2019-04-18 22:17:13,2019-04-18 22:17:13
2019-04-18 22:17:13,2019-04-18 22:17:13
2019-04-18 22:17:13,2019-04-18 22:17:13
2019-04-18 22:17:13,2019-04-18 22:17:13
2019-04-18 22:17:13,2019-04-18 22:17:13
2019-04-18 22:17:13,2019-04-18 22:17:13
2019-04-18 22:17:13,2019-04-18 22:17:13
2019-04-18 22:17:13,2019-04-18 22:17:13
2019-04-18 22:17:13,2019-04-18 22:17:13
2019-04-18 22:17:13,2019-04-18 22:17:13
2019-04-18 22:17:13,2019-04-18 22:17:13
2019-04-18 22:17:13,2019-04-18 22:17:13
2019-04-18 22:17:13,2019-04-18 22:17:13
2019-04-18 22:17:13,2019-04-18 22:17:13
2019-04-18 22:17:13,2019-04-18 22:17:13
2019-04-18 22:17:13,2019-04-18 22:17:13
2019-04-18 22:17:13,2019-04-18 22:17:13
2019-04-18 22:17:13,2019-04-18 22:17:13
2019-04-18 22:17:13,2019-04-18 22:17:13
2019-04-18 22:17:13,2019-04-18 22:17:13
2019-04-18 22:17:13,2019-04-18 22:17:13
2019-04-18 22:17:13,2019-04-18 22:17:13
2019-04-18 22:17:13,2019-04-18 22:17:13
2019-04-18 22:17:13,2019-04-18 22:17:13
2019-04-18 22:17:13,2019-04-18 22:17:13
2019-04-18 22:17:13,2019-04-18 22:17:13
2019-04-18 22:17:13,2019-04-18 22:17:13
2019-04-18 22:17:13,2019-04-18 22:17:13
2019-04-18 22:17:13,2019-04-18 22:17:13
2019-04-18 22:17:13,2019-04-18 22:17:13
2019-04-18 22:17:13,2019-04-18 22:17:13
2019-04-18 22:17:13,2019-04-18 22:17:13
2019-04-18 22:17:13,2019-04-18 22:17:13
2019-04-18 22:17:13,2019-04-18 22:17:13
2019-04-18 22:17:13,2019-04-18 22:17:13
2019-04-18 22:17:13,2019-04-18 22:17:13
2019-04-18 22:17:13,2019-04-18 22:17:13
2019-04-18 22:17:13,2019-04-18 22:17:13
2019-04-18 22:17:13,2019-04-18 22:17:13
2019-04-18 22:17:13,2019-04-18 22:17:13
2019-04-18 22:17:13,2019-04-18 22:17:13
2019-04-18 22:17:13,2019-04-18 22:17:13
2019-04-18 22:17:13,2019-04-18 22:17:13
2019-04-18 22:17:13,2019-04-18 22:17:13
2019-04-18 22:17:13,2019-04-18 22:17:13
2019-04-18 22:17:13,2019-04-18 22:17:13
2019-04-18 22:17:13,2019-04-18 22:17:13
2019-04-18 22:17:13,2019-04-18 22:17:13
2019-04-18 22:17:13,2019-04-18 22:17:13
2019-04-18 22:17:13,2019-04-18 22:17:13
2019-04-18 22:17:13,2019-04-18 22:17:13
2019-04-18 22:17:13,2019-04-18 22:17:13
2019-04-18 22:17:13,2019-04-18 22:17:13
2019-04-18 22:17:13,2019-04-18 22:17:13
2019-04-18 22:17:13,2019-04-18 22:17:13
2019-04-18 22:17:13,2019-04-18 22:17:13
2019-04-18 22:17:13,2019-04-18 22:17:13
2019-04-18 22:17:13,2019-04-18 22:17:13
2019-04-18 22:17:13,2019-04-18 22:17:13
2019-04-18 22:17:13,2019-04-18 22:17:13
2019-04-18 22:17:13,2019-04-18 22:17:13
2019-04-18 22:17:13,2019-04-18 22:17:13
2019-04-18 22:17:13,2019-04-18 22:17:13
2019-04-18 22:17:14,2019-04-18 22:17:14
2019-04-18 22:17:14,2019-04-18 22:17:14
2019-04-18 22:17:14,2019-04-18 22:17:14
2019-04-18 22:17:14,2019-04-18 22:17:14
2019-04-18 22:17:14,2019-04-18 22:17:14
2019-04-18 22:17:14,2019-04-18 22:17:14
2019-04-18 22:17:14,2019-04-18 22:17:14
2019-04-18 22:17:14,2019-04-18 22:17:14
2019-04-18 22:17:14,2019-04-18 22:17:14
2019-04-18 22:17:14,2019-04-18 22:17:14
2019-04-18 22:17:14,2019-04-18 22:17:14
2019-04-18 22:17:14,2019-04-18 22:17:14
2019-04-18 22:17:14,2019-04-18 22:17:14
2019-04-18 22:17:14,2019-04-18 22:17:14
2019-04-18 22:17:14,2019-04-18 22:17:14
2019-04-18 22:17:14,2019-04-18 22:17:14
2019-04-18 22:17:14,2019-04-18 22:17:14
2019-04-18 22:17:14,2019-04-18 22:17:14
2019-04-18 22:17:14,2019-04-18 22:17:14
2019-04-18 22:17:14,2019-04-18 22:17:14
2019-04-18 22:17:14,2019-04-18 22:17:14
2019-04-18 22:17:14,2019-04-18 22:17:14
2019-04-18 22:17:14,2019-04-18 22:17:14
2019-04-18 22:17:14,2019-04-18 22:17:14
2019-04-18 22:17:14,2019-04-18 22:17:14
2019-04-18 22:17:14,2019-04-18 22:17:14
2019-04-18 22:17:14,2019-04-18 22:17:14
2019-04-18 22:17:14,2019-04-18 22:17:14
2019-04-18 22:17:14,2019-04-18 22:17:14
2019-04-18 22:17:14,2019-04-18 22:17:14
2019-04-18 22:17:14,2019-04-18 22:17:14
2019-04-18 22:17:14,2019-04-18 22:17:14
2019-04-18 22:17:14,2019-04-18 22:17:14
2019-04-18 22:17:14,2019-04-18 22:17:14
2019-04-18 22:17:14,2019-04-18 22:17:14
2019-04-18 22:17:14,2019-04-18 22:17:14
2019-04-18 22:17:14,2019-04-18 22:17:14
2019-04-18 22:17:14,2019-04-18 22:17:14
2019-04-18 22:17:14,2019-04-18 22:17:14
2019-04-18 22:17:14,2019-04-18 22:17:14
2019-04-18 22:17:14,2019-04-18 22:17:14
2019-04-18 22:17:14,2019-04-18 22:17:14
2019-04-18 22:17:14,2019-04-18 22:17:14
2019-04-18 22:17:14,2019-04-18 22:17:14
2019-04-18 22:17:14,2019-04-18 22:17:14
2019-04-18 22:17:14,2019-04-18 22:17:14
2019-04-18 22:17:14,2019-04-18 22:17:14
2019-04-18 22:17:14,2019-04-18 22:17:14
2019-04-18 22:17:14,2019-04-18 22:17:14
2019-04-18 22:17:14,2019-04-18 22:17:14
2019-04-18 22:17:14,2019-04-18 22:17:14
2019-04-18 22:17:14,2019-04-18 22:17:14
2019-04-18 22:17:14,2019-04-18 22:17:14
2019-04-18 22:17:14,2019-04-18 22:17:14
2019-04-18 22:17:14,2019-04-18 22:17:14
2019-04-18 22:17:14,2019-04-18 22:17:14
2019-04-18 22:17:14,2019-04-18 22:17:14
2019-04-18 22:17:14,2019-04-18 22:17:14
2019-04-18 22:17:14,2019-04-18 22:17:14
2019-04-18 22:17:14,2019-04-18 22:17:14
2019-04-18 22:17:14,2019-04-18 22:17:14
2019-04-18 22:17:14,2019-04-18 22:17:14
2019-04-18 22:17:14,2019-04-18 22:17:14
2019-04-18 22:17:14,2019-04-18 22:17:14
2019-04-18 22:17:14,2019-04-18 22:17:14
2019-04-18 22:17:15,2019-04-18 22:17:15
2019-04-18 22:17:15,2019-04-18 22:17:15
2019-04-18 22:17:15,2019-04-18 22:17:15
2019-04-18 22:17:15,2019-04-18 22:17:15
2019-04-18 22:17:15,2019-04-18 22:17:15
2019-04-18 22:17:15,2019-04-18 22:17:15
2019-04-18 22:17:15,2019-04-18 22:17:15
2019-04-18 22:17:15,2019-04-18 22:17:15
2019-04-18 22:17:15,2019-04-18 22:17:15
2019-04-18 22:17:15,2019-04-18 22:17:15
2019-04-18 22:17:15,2019-04-18 22:17:15
2019-04-18 22:17:15,2019-04-18 22:17:15
2019-04-18 22:17:15,2019-04-18 22:17:15
2019-04-18 22:17:15,2019-04-18 22:17:15
2019-04-18 22:17:15,2019-04-18 22:17:15
2019-04-18 22:17:15,2019-04-18 22:17:15
2019-04-18 22:17:15,2019-04-18 22:17:15
2019-04-18 22:17:15,2019-04-18 22:17:15
2019-04-18 22:17:15,2019-04-18 22:17:15
2019-04-18 22:17:15,2019-04-18 22:17:15
2019-04-18 22:17:15,2019-04-18 22:17:15
2019-04-18 22:17:15,2019-04-18 22:17:15
2019-04-18 22:17:15,2019-04-18 22:17:15
2019-04-18 22:17:15,2019-04-18 22:17:15
2019-04-18 22:17:15,2019-04-18 22:17:15
2019-04-18 22:17:15,2019-04-18 22:17:15
2019-04-18 22:17:15,2019-04-18 22:17:15
2019-04-18 22:17:15,2019-04-18 22:17:15
2019-04-18 22:17:15,2019-04-18 22:17:15
2019-04-18 22:17:15,2019-04-18 22:17:15
2019-04-18 22:17:15,2019-04-18 22:17:15
2019-04-18 22:17:15,2019-04-18 22:17:15
2019-04-18 22:17:15,2019-04-18 22:17:15
2019-04-18 22:17:15,2019-04-18 22:17:15
2019-04-18 22:17:35,3.2790906
2019-04-18 22:17:55,3.2833834
2019-04-18 22:18:15,3.2843494
2019-04-18 22:18:35,3.2824438
2019-04-18 22:18:55,3.278463
2019-04-18 22:19:15,3.2733665
2019-04-18 22:19:35,3.267845
2019-04-18 22:19:55,3.262475
2019-04-18 22:20:15,3.257558
2019-04-18 22:20:35,3.2531352
2019-04-18 22:20:55,3.249198
2019-04-18 22:21:15,3.2457495
2019-04-18 22:21:35,3.2427318
2019-04-18 22:21:55,3.2400887
2019-04-18 22:22:15,3.2377844
2019-04-18 22:22:35,3.2357783
2019-04-18 22:22:55,3.234062
2019-04-18 22:23:15,3.232619
2019-04-18 22:23:35,3.2314079
2019-04-18 22:23:55,3.2303958
2019-04-18 22:24:15,3.2295454
2019-04-18 22:24:35,3.2288241
2019-04-18 22:24:55,3.228214
2019-04-18 22:25:15,3.2276962
2019-04-18 22:25:35,3.2272553
2019-04-18 22:25:55,3.2268825
2019-04-18 22:26:15,3.2265675
2019-04-18 22:26:35,3.2262979
2019-04-18 22:26:55,3.2260692
2019-04-18 22:27:15,3.225875
2019-04-18 22:27:35,3.2257104
2019-04-18 22:27:55,3.225568
2019-04-18 22:28:15,3.2254472
2019-04-18 22:28:35,3.2253447
2019-04-18 22:28:55,3.2252584
2019-04-18 22:29:15,3.2251837
2019-04-18 22:29:35,3.2251203
2019-04-18 22:29:55,3.225067
2019-04-18 22:30:15,3.2250211
2019-04-18 22:30:35,3.2249823
2019-04-18 22:30:55,3.224949
2019-04-18 22:31:15,3.224921
2019-04-18 22:31:35,3.2248971
2019-04-18 22:31:55,3.2248766
2019-04-18 22:32:15,3.224859
2019-04-18 22:32:35,3.2248445
2019-04-18 22:32:55,3.2248318
2019-04-18 22:33:15,3.2248206
2019-04-18 22:33:35,3.224811
2019-04-18 22:33:55,3.2248034
2019-04-18 22:34:15,3.2247965
2019-04-18 22:34:35,3.224791
2019-04-18 22:34:55,3.2247858
2019-04-18 22:35:15,3.224782
2019-04-18 22:35:35,3.2247784
2019-04-18 22:35:55,3.2247744
2019-04-18 22:36:15,3.2247717
2019-04-18 22:36:35,3.2247696
2019-04-18 22:36:55,3.2247674
2019-04-18 22:37:15,3.224766
